PDB ID,PDB Chain Id,Protein,Source Organism,Protein length,Experimental Methods,Resolution (Å),Oligomeric State,Chain 1,Chain 2,Category,BSA_complex,BSA_chain1,BSA_chain2,FNP_complex,FNP_chain1,FNP_chain2,FBU_complex,FBU_chain1,FBU_chain2,LD_complex,LD_chain1,LD_chain2
1A02,NFJ:AB,AP-1 FRAGMENT FOS+NUCLEAR FACTOR OF ACTIVATED T CELLS,H. sapiens,301+56,X,2.7,Homodimer + Monomer,N,F,Protein-Protein,799.4,411.18,388.22,43.27,49.74,36.42,4.6,2.38,6.67,32.6,13.19,20.13
1A02,NFJ:AB,AP-1 FRAGMENT FOS+NUCLEAR FACTOR OF ACTIVATED T CELLS,H. sapiens,301+56,X,2.7,Homodimer + Monomer,N,J,Protein-Protein,651.02,316.16,334.86,41.26,51.52,31.57,11.94,8.82,15.15,50.87,26.29,27.21
1A0A,AB:CD,PROTEIN (PHOSPHATE SYSTEM POSITIVE REGULATORY PROTEIN PHO4),S. cerevisiae,63,X,2.8,Homodimer,A,B,Protein-Protein,1859.83,932.9,926.93,72.37,75.59,69.14,28.33,28.24,28.42,72.73,35.74,39.39
1AM9,ABCD:EFGH,PROTEIN (STEROL REGULATORY ELEMENT BINDING PROTEIN 1A),H. sapiens,82,X,2.3,Homodimer,A,B,Protein-Protein,2838.55,1421.74,1416.81,75.17,75.94,74.41,40.56,39.06,42.15,71.82,37.03,36.89
1AN2,A:B,PROTEIN (TRANSCRIPTION FACTOR MAX (TF MAX)),H. sapiens,86,X,2.9,Homodimer,A,B,Protein-Protein,918.72,448.67,470.05,40.93,52.73,29.67,20.19,18.37,21.82,54.06,23.67,30.36
1AN4,AB:CD,PROTEIN (UPSTREAM STIMULATORY FACTOR),H. sapiens,65,X,2.9,Homodimer,A,B,Protein-Protein,1535.06,771.29,763.77,77.31,76.15,78.49,13.25,7.35,18.07,58.82,26.65,35.59
1APL,CD:AB,PROTEIN (MAT-ALPHA2 HOMEODOMAIN),S. cerevisiae,83,X,2.7,Monomer,C,D,Protein-Protein,0.0,0.0,0.0,0.0,0.0,0.0,0.0,0.0,0.0,0.0,0.0,0.0
1AWC,AB:DE,PROTEIN (GA BINDING PROTEIN ALPHA)+PROTEIN (GA BINDING PROTEIN BETA 1),M. musculus,110+153,X,2.15,Heterodimer,A,B,Protein-Protein,1653.76,800.27,853.49,65.15,58.42,71.46,28.24,35.16,20.25,71.91,40.02,35.87
1B01,AB:EF,TRANSCRIPTIONAL REPRESSOR COPG,S. agalactiae,45,X,2.56,Homodimer,A,B,Protein-Protein,3295.31,1660.8,1634.51,68.56,69.27,67.85,28.52,24.34,32.68,107.44,52.62,54.22
1B3T,AB:CD,PROTEIN (NUCLEAR PROTEIN EBNA1),E. virus,147,X,2.2,Homodimer,A,B,Protein-Protein,4396.97,2207.98,2188.99,59.97,59.5,60.45,41.19,41.74,40.64,99.02,51.07,51.58
1B72,AB:DE,PROTEIN (HOMEOBOX PROTEIN HOX-B1)+PROTEIN (PBX1),H. sapiens,87+97,X,2.35,Heterodimer,A,B,Protein-Protein,762.72,399.6,363.12,73.4,75.04,71.6,34.18,31.58,36.59,54.53,28.47,26.68
1BF5,A:BC,SIGNAL TRANSDUCER AND ACTIVATOR OF TRANSCRIPTION 1-ALPHA/BETA,H. sapiens,575,X,2.9,Homodimer,A,B,Protein-Protein,2598.24,1299.14,1299.1,61.19,61.19,61.19,29.93,29.93,29.93,79.58,41.45,41.45
1CF7,AB:CD,PROTEIN (TRANSCRIPTION FACTOR DP-2)+PROTEIN (TRANSCRIPTION FACTOR E2F-4),H. sapiens,76+95,X,2.6,Heterodimer,A,B,Protein-Protein,1271.06,636.41,634.65,76.58,81.23,71.92,30.33,32.26,28.33,70.7,38.19,33.4
1CGP,AB:CDEF,PROTEIN (CATABOLITE GENE ACTIVATOR PROTEIN (CAP)),E. coli,205,X,3.0,Homodimer,A,B,Protein-Protein,3019.89,1515.41,1504.48,80.22,81.31,79.13,38.61,38.71,38.51,85.39,44.62,43.5
1CMA,AB:CD,PROTEIN (MET REPRESSOR),E. coli,104,X,2.8,Homodimer,A,B,Protein-Protein,3192.67,1598.83,1593.84,80.35,80.14,80.56,35.25,35.17,35.33,103.78,51.54,51.43
1D66,AB:DE,PROTEIN (GAL4),S. cerevisiae,66,X,2.7,Homo 2-mer,A,B,Protein-Protein,1294.97,637.49,657.48,72.67,72.08,73.24,35.25,35.0,35.48,70.34,33.73,37.48
1DDN,ABCD:EF,DIPHTHERIA TOX REPRESSOR,C. diphtheriae,226,X,3.0,Homotetramer,A,B,Protein-Protein,1654.42,822.89,831.53,76.78,76.97,76.59,48.12,48.1,48.15,75.08,39.11,37.98
1DDN,ABCD:EF,DIPHTHERIA TOX REPRESSOR,C. diphtheriae,226,X,3.0,Homotetramer,C,D,Protein-Protein,1651.54,832.46,819.08,75.73,74.44,77.04,48.45,45.68,51.25,76.22,40.1,38.48
1DH3,AC:BD,TRANSCRIPTION FACTOR CREB,M. musculus,55,X,3.0,Homodimer,A,C,Protein-Protein,1900.99,921.45,979.54,70.63,70.4,70.84,25.53,25.27,25.77,64.83,31.6,35.92
1EFA,ABC:DE,LAC REPRESSOR,E. coli,333,X,2.6,Homodimer,AB,C,Protein-Protein,681.58,342.41,339.17,68.75,72.43,65.04,24.24,23.53,25.0,52.09,26.29,27.06
1EGW,ABCD:EFGH,"MADS BOX TRANSCRIPTION ENHANCER FACTOR 2, POLYPEPTIDE A",H. sapiens,77,X,1.5,Homodimer,A,B,Protein-Protein,3891.18,1953.49,1937.69,72.32,72.23,72.41,44.15,43.39,44.92,96.68,50.22,49.67
1EXJ,A:M,MULTIDRUG-EFFLUX TRANSPORTER REGULATOR,B. subtilis,278,X,3.0,Homodimer,A,B,Protein-Protein,5963.43,2981.72,2981.71,73.08,73.08,73.08,23.57,23.57,23.57,88.91,46.24,46.24
1GD2,EFGHIJ:ABCD,TRANSCRIPTION FACTOR PAP1,S. pombe,70,X,2.0,Homodimer,E,F,Protein-Protein,2302.21,1158.57,1143.64,74.52,76.14,72.88,35.62,35.51,35.71,66.75,34.02,34.55
1GLU,AB:CD,PROTEIN (GLUCOCORTICOID RECEPTOR),R. norvegicus,81,X,2.9,Homodimer,A,B,Protein-Protein,1239.82,611.32,628.5,50.72,50.89,50.55,20.18,23.73,16.36,68.56,35.59,34.8
1GT0,CD:AB,OCTAMER-BINDING TRANSCRIPTION FACTOR 1+TRANSCRIPTION FACTOR SOX-2,M. musculus,159+80,X,2.6,Heterodimer,C,D,Protein-Protein,255.98,128.99,126.99,50.8,65.79,35.59,7.14,6.67,7.69,24.93,14.0,10.31
1GXP,ABEF:CDGH,PHOSPHATE REGULON TRANSCRIPTIONAL REGULATORY PROTEIN,E. coli,106,X,2.5,Homodimer,A,B,Protein-Protein,792.33,378.68,413.65,53.29,52.49,54.03,25.88,29.79,21.05,55.34,31.49,24.74
1H88,ABC:DE,CCAAT/ENHANCER BINDING PROTEIN BETA+MYB PROTO-ONCOGENE PROTEIN,M. musculus,159+78,X,2.8,Homodimer + Monomer,A,B,Protein-Protein,2014.53,1005.52,1009.01,83.43,85.87,80.99,36.08,36.63,35.48,62.32,33.86,30.58
1HJB,ABCDEF:GHIJ,CCAAT/ENHANCER BINDING PROTEIN BETA+RUNT-RELATED TRANSCRIPTION FACTOR 1,M. musculus,123+87,X,3.0,Homodimer + Monomer,A,B,Protein-Protein,1941.33,986.61,954.72,79.79,81.38,78.14,32.02,29.35,34.88,62.09,32.61,31.12
1HWT,CDGH:ABEF,PROTEIN (HEME ACTIVATOR PROTEIN),S. cerevisiae,81,X,2.5,Homodimer,C,D,Protein-Protein,2279.38,1142.1,1137.28,74.68,75.3,74.06,25.63,27.72,23.47,62.16,30.08,33.24
1IC8,AB:EF,HEPATOCYTE NUCLEAR FACTOR 1-ALPHA,H. sapiens,194,X,2.6,Homodimer,A,B,Protein-Protein,444.44,211.45,232.99,59.94,59.15,60.65,6.78,8.33,4.35,36.17,20.17,16.52
1IHF,AB:CDE,PROTEIN (INTEGRATION HOST FACTOR (ALPHA) (IHF))+PROTEIN (INTEGRATION HOST FACTOR (BETA) (IHF)),E. coli,94+99,X,2.5,Heterodimer,A,B,Protein-Protein,4864.84,2434.99,2429.85,70.71,71.7,69.71,41.48,41.83,41.1,108.77,57.51,55.75
1IO4,ABCD:EF,"CAAT/ENHANCER BINDING PROTEIN BETA+CORE-BINDING FACTOR, BETA SUBUNIT+RUNT-RELATED TRANSCRIPTION FACTOR 1",M. musculus,123+141+78,X,3.0,Hetero (homodimer+hetero 2-mer) 4-mer,A,B,Protein-Protein,1924.81,968.78,956.03,80.67,84.34,76.95,35.59,36.56,34.52,59.99,33.31,28.79
1IO4,ABCD:EF,"CAAT/ENHANCER BINDING PROTEIN BETA+CORE-BINDING FACTOR, BETA SUBUNIT+RUNT-RELATED TRANSCRIPTION FACTOR 1",M. musculus,123+141+78,X,3.0,Hetero (homodimer+hetero 2-mer) 4-mer,C,D,Protein-Protein,2153.52,1085.19,1068.33,57.41,64.76,49.96,35.71,31.48,39.66,83.26,42.11,44.57
1JE8,ABEF:CDGH,Nitrate/Nitrite Response Regulator Protein NARL,E. coli,82,X,2.12,Homodimer,A,B,Protein-Protein,809.04,407.16,401.88,77.96,79.45,76.46,13.04,15.91,10.42,59.98,30.14,32.62
1JFI,ABC:DE,TATA-BOX-BINDING PROTEIN (TBP)+Transcription Regulator NC2 alpha chain+Transcription Regulator NC2 beta chain,H. sapiens,179+185+98,X,2.62,Hetero 3-mer,A,B,Protein-Protein,3988.24,1978.0,2010.24,78.24,82.97,73.58,44.84,47.13,42.78,90.95,50.0,44.94
1JFI,ABC:DE,TATA-BOX-BINDING PROTEIN (TBP)+Transcription Regulator NC2 alpha chain+Transcription Regulator NC2 beta chain,H. sapiens,179+185+98,X,2.62,Hetero 3-mer,A,C,Protein-Protein,429.34,186.06,243.28,46.17,54.21,40.03,19.51,22.73,15.79,35.8,19.0,16.74
1JFI,ABC:DE,TATA-BOX-BINDING PROTEIN (TBP)+Transcription Regulator NC2 alpha chain+Transcription Regulator NC2 beta chain,H. sapiens,179+185+98,X,2.62,Hetero 3-mer,B,C,Protein-Protein,1436.52,749.49,687.03,66.6,65.26,68.07,35.21,33.33,36.84,62.28,31.12,32.37
1JT0,ABCD:EF,HYPOTHETICAL TRANSCRIPTIONAL REGULATOR IN QACA 5'REGION,S. aureus,194,X,2.9,Homo 4-mer,A,C,Protein-Protein,3045.38,1521.72,1523.66,76.39,78.02,74.75,30.12,31.36,28.76,81.49,44.06,40.59
1JT0,ABCD:EF,HYPOTHETICAL TRANSCRIPTIONAL REGULATOR IN QACA 5'REGION,S. aureus,194,X,2.9,Homo 4-mer,B,D,Protein-Protein,2923.23,1434.74,1488.49,77.6,77.7,77.51,32.28,35.58,28.76,81.8,43.79,41.61
1KU7,AD:BC,sigma factor sigA,T. aquaticus,73,X,2.4,Homodimer,A,D,Protein-Protein,1939.37,1003.27,936.1,72.11,77.23,66.61,30.77,31.18,30.39,75.22,34.32,44.63
1L3L,ABCD:EFGH,Transcriptional activator protein traR,A. tumefaciens,234,X,1.66,Homodimer,B,D,Protein-Protein,3251.17,1646.98,1604.19,67.75,65.43,70.14,33.05,31.61,34.44,82.74,41.63,44.51
1LMB,12:34:00,PROTEIN (LAMBDA REPRESSOR),E. phage lambda,92,X,1.8,Homodimer,3,4,Protein-Protein,1462.56,730.32,732.24,71.28,71.82,70.74,40.67,40.79,40.54,90.79,43.32,44.54
1LQ1,CD:EF,Stage 0 sporulation protein A,B. subtilis,120,X,2.3,Homo 2-mer (tandem dimer),C,D,Protein-Protein,881.77,436.4,445.37,69.81,64.37,75.14,18.28,18.75,17.78,50.6,27.25,25.47
1MDY,ABCD:EFGH,PROTEIN (MYOD BHLH DOMAIN)+PROTEIN (MYOD BHLH DOMAIN),M. musculus,62+68,X,2.8,Homo 2-mer,A,B,Protein-Protein,1687.6,848.11,839.49,89.16,89.06,89.27,41.14,42.68,39.47,67.71,36.8,33.58
1MHD,AB:CD,SMAD3,H. sapiens,132,X,2.8,Homo 2-mer,A,B,Protein-Protein,42.17,21.28,20.89,20.06,31.58,8.33,0.0,0.0,0.0,3.0,1.0,1.0
1MNM,ABCD:EF,PROTEIN (MAT ALPHA-2 TRANSCRIPTIONAL REPRESSOR)+PROTEIN (MCM1 TRANSCRIPTIONAL REGULATOR),S. cerevisiae,100+87,X,2.25,Hetero 4-mer,A,B,Protein-Protein,3820.61,1899.64,1920.97,75.78,76.45,75.13,41.89,41.08,42.7,87.67,45.21,45.2
1N6J,ABG:CD,Calcineurin-binding protein Cabin 1+Myocyte-specific enhancer factor 2B,H. sapiens,35+93,X,2.2,Hetero 3-mer (homdimer+monomer),A,B,Protein-Protein,6236.13,3111.91,3124.22,67.53,67.03,68.03,41.44,40.6,42.28,125.93,63.79,65.11
1N6J,ABG:CD,Calcineurin-binding protein Cabin 1+Myocyte-specific enhancer factor 2B,H. sapiens,35+93,X,2.2,Hetero 3-mer (homdimer+monomer),A,G,Protein-Protein,972.34,482.04,490.3,66.76,63.75,69.71,30.77,30.19,31.37,59.52,31.36,29.06
1N6J,ABG:CD,Calcineurin-binding protein Cabin 1+Myocyte-specific enhancer factor 2B,H. sapiens,35+93,X,2.2,Hetero 3-mer (homdimer+monomer),B,G,Protein-Protein,1090.52,547.62,542.9,68.23,64.69,71.81,21.65,25.0,18.37,50.64,26.33,24.37
1NGM,ABEFIJMN:CDGHKLOP,Transcription factor IIIB BRF1 subunit+Transcription initiation factor TFIID,S. cerevisiae,180+72,X,2.95,Hetero 2-mer,A,B,Protein-Protein,3800.17,1864.9,1935.27,61.4,58.16,64.52,31.82,35.15,28.35,80.54,42.61,39.25
1NKP,ABDE:FGHJ,Max protein+Myc proto-oncogene protein,H. sapiens,83+88,X,1.8,Heterodimer,A,B,Protein-Protein,3367.59,1686.93,1680.66,72.48,72.54,72.41,37.23,37.04,37.42,76.12,38.94,39.62
1NLW,ABDE:FGHJ,MAD PROTEIN+MAX PROTEIN,H. sapiens,76+80,X,2.0,Hetero 2-mer,A,B,Protein-Protein,2983.0,1500.01,1482.99,76.55,81.19,71.85,37.91,37.21,38.51,71.99,34.65,39.93
1NVP,ABCD:EF,TATA box binding protein+Transcription initiation factor IIA alpha chain+Transcription initiation factor IIA beta chain+Transcription initiation factor IIA gamma chain,H. sapiens,108+181+57+76,X,2.1,Hetero 4-mer,A,C,Protein-Protein,501.23,230.39,270.84,47.82,29.24,63.62,7.84,11.11,4.17,45.57,22.89,22.92
1NVP,ABCD:EF,TATA box binding protein+Transcription initiation factor IIA alpha chain+Transcription initiation factor IIA beta chain+Transcription initiation factor IIA gamma chain,H. sapiens,108+181+57+76,X,2.1,Hetero 4-mer,A,D,Protein-Protein,1041.63,479.11,562.52,42.67,42.23,43.04,26.85,36.21,16.0,65.87,35.41,32.64
1NVP,ABCD:EF,TATA box binding protein+Transcription initiation factor IIA alpha chain+Transcription initiation factor IIA beta chain+Transcription initiation factor IIA gamma chain,H. sapiens,108+181+57+76,X,2.1,Hetero 4-mer,B,C,Protein-Protein,263.65,131.37,132.28,74.18,71.58,76.77,12.0,8.33,15.38,24.0,11.0,12.0
1NVP,ABCD:EF,TATA box binding protein+Transcription initiation factor IIA alpha chain+Transcription initiation factor IIA beta chain+Transcription initiation factor IIA gamma chain,H. sapiens,108+181+57+76,X,2.1,Hetero 4-mer,B,D,Protein-Protein,1817.08,908.93,908.15,82.39,85.29,79.48,46.33,46.07,46.59,74.75,40.65,37.41
1NVP,ABCD:EF,TATA box binding protein+Transcription initiation factor IIA alpha chain+Transcription initiation factor IIA beta chain+Transcription initiation factor IIA gamma chain,H. sapiens,108+181+57+76,X,2.1,Hetero 4-mer,C,D,Protein-Protein,3222.53,1677.33,1545.2,66.96,64.86,69.24,40.42,44.87,36.52,100.68,57.35,48.13
1P51,ABCD:EFIH,DNA-binding protein HU,N. sp.,94,X,2.5,Homodimer,A,B,Protein-Protein,4012.63,1998.56,2014.07,81.54,81.83,81.25,41.91,40.96,42.86,102.49,52.41,53.13
1PAR,ABCD:EF,PROTEIN (ARC REPRESSOR),S. phage P22,53,X,2.6,Homo 4-mer,A,B,Protein-Protein,3603.35,1811.42,1791.93,63.77,64.43,63.11,40.0,38.51,41.52,116.79,59.36,57.45
1PNR,A:B,PROTEIN (PURINE REPRESSOR),E. coli,340,X,2.7,Homodimer,A,C,Protein-Protein,5157.37,2578.68,2578.69,58.63,58.63,58.63,25.67,25.67,25.67,82.86,43.68,43.68
1QPI,A:MN,PROTEIN (TETRACYCLINE REPRESSOR),E. coli,203,X,2.5,Homodimer,A,B,Protein-Protein,4733.46,2366.73,2366.73,73.16,73.16,73.16,35.27,35.27,35.27,86.19,45.17,45.17
1QRV,AB:CD,HIGH MOBILITY GROUP PROTEIN D,D. melanogaster,73,X,2.2,Homo 2-mer,A,B,Protein-Protein,97.87,55.38,42.49,67.17,95.74,29.94,0.0,0.0,0.0,8.62,2.4,5.25
1R71,ABCD:EIFJGLHK,Transcriptional repressor protein korB,E. coli,178,X,2.2,Homo 2-mer,A,B,Protein-Protein,303.7,155.33,148.37,39.03,31.86,46.53,13.89,12.5,15.0,34.28,15.0,18.6
1R8D,AB:CD,transcription activator MtaN,B. subtilis,109,X,2.7,Homodimer,A,B,Protein-Protein,1979.54,1000.0,979.54,82.78,84.11,81.41,38.69,38.37,39.02,63.57,32.21,32.05
1RAM,AB:CD,PROTEIN (TRANSCRIPTION FACTOR NF-KB P65),M. musculus,273,X,2.7,Homo 2-mer,A,B,Protein-Protein,1312.04,652.88,659.16,61.82,62.62,61.02,28.46,30.16,26.87,64.0,33.4,32.75
1RZR,GCADTLYS:HREB,Glucose-resistance amylase regulator+Phosphocarrier protein HPr,P. megaterium,332+88,X,2.8,Hetero 4-mer,C,G,Protein-Protein,4181.49,2084.25,2097.24,59.09,59.78,58.39,27.79,28.64,26.96,80.12,41.56,42.77
1RZR,GCADTLYS:HREB,Glucose-resistance amylase regulator+Phosphocarrier protein HPr,P. megaterium,332+88,X,2.8,Hetero 4-mer,C,L,Protein-Protein,93.73,44.47,49.26,24.35,38.7,11.39,0.0,0.0,0.0,14.0,9.0,4.0
1RZR,GCADTLYS:HREB,Glucose-resistance amylase regulator+Phosphocarrier protein HPr,P. megaterium,332+88,X,2.8,Hetero 4-mer,C,T,Protein-Protein,1417.82,684.38,733.44,62.11,63.3,60.99,31.51,33.33,29.58,64.99,32.29,34.28
1SAX,AB:CD,Methicillin resistance regulatory protein mecI,S. aureus,123,X,2.8,Homodimer,A,B,Protein-Protein,4015.34,1993.02,2022.32,72.61,72.15,73.06,39.24,40.1,38.34,105.21,54.01,54.4
1SVC,P:D,PROTEIN (NUCLEAR FACTOR KAPPA-B (NF-KB)),H. sapiens,365,X,2.6,Homodimer,P,B,Protein-Protein,1357.62,678.81,678.81,62.35,62.35,62.35,34.78,34.78,34.78,70.84,36.52,36.52
1T2K,ABCD:EF,Cyclic-AMP-dependent transcription factor ATF-2+Interferon regulatory factor 3+Transcription factor AP-1,H. sapiens,112+61+62,X,3.0,Hetero 4-mer,C,D,Protein-Protein,1975.54,986.47,989.07,82.74,83.2,82.29,28.42,31.18,25.56,58.89,30.67,30.31
1TQE,PQXRSY:CDEF,Histone deacetylase 9+Myocyte-specific enhancer factor 2B,M. musculus,26+93,X,2.7,Hetero 3-mer,P,Q,Protein-Protein,6055.22,3020.04,3035.18,67.88,68.55,67.21,46.21,46.08,46.34,125.04,63.45,64.5
1TQE,PQXRSY:CDEF,Histone deacetylase 9+Myocyte-specific enhancer factor 2B,M. musculus,26+93,X,2.7,Hetero 3-mer,P,X,Protein-Protein,776.31,372.37,403.94,75.53,64.69,85.53,20.59,27.78,12.5,45.71,25.39,20.0
1TRR,ABDEGHJK:CFIL,PROTEIN (TRP REPRESSOR),E. coli,107,X,2.4,Homo 4-mer,A,B,Protein-Protein,4862.9,2434.93,2427.97,71.81,71.43,72.19,37.67,38.34,37.01,115.04,58.64,58.36
1TRR,ABDEGHJK:CFIL,PROTEIN (TRP REPRESSOR),E. coli,107,X,2.4,Homo 4-mer,A,G,Protein-Protein,990.65,496.5,494.15,59.18,59.53,58.83,25.0,25.49,24.49,38.48,20.04,19.1
1TUP,ABC:EF,PROTEIN (P53 TUMOR SUPPRESSOR ),H. sapiens,219,X,2.2,Homo 3-mer,A,B,Protein-Protein,1426.23,714.22,712.01,48.5,49.55,47.43,23.84,21.05,26.67,72.26,35.53,39.89
1TUP,ABC:EF,PROTEIN (P53 TUMOR SUPPRESSOR ),H. sapiens,219,X,2.2,Homo 3-mer,B,C,Protein-Protein,750.47,377.6,372.87,66.22,63.21,69.27,5.26,5.13,5.41,34.76,18.72,16.65
1VOL,AB:CD,PROTEIN (TATA BINDING PROTEIN (TBP))+PROTEIN (TRANSCRIPTION FACTOR IIB (TFIIB)),A. thaliana,200+204,X,2.7,Hetero 2-mer,A,B,Protein-Protein,1253.01,589.95,663.06,65.65,71.06,60.82,17.32,22.06,11.86,60.82,30.38,32.24
1XBR,AB:CD,PROTEIN (T PROTEIN),X. laevis,184,X,2.5,Homodimer,A,B,Protein-Protein,415.49,206.21,209.28,78.08,77.31,78.83,21.95,23.81,20.0,38.34,19.52,18.2
1YRN,AB:CD,PROTEIN (MAT A1 HOMEODOMAIN)+PROTEIN (MAT ALPHA2 HOMEODOMAIN),S. cerevisiae,61+83,X,2.5,Hetero 2-mer,A,B,Protein-Protein,1271.08,614.53,656.55,68.71,62.08,74.91,31.01,33.33,28.57,66.45,35.91,33.05
1YSA,CD:AB,PROTEIN (GCN4),S. cerevisiae,58,X,2.9,Homo 2-mer,C,D,Protein-Protein,1828.37,902.87,925.5,79.7,77.75,81.6,34.48,35.37,33.7,61.94,29.59,34.37
1YTF,ABCD:EF,PROTEIN (TATA BINDING PROTEIN (TBP))+PROTEIN (TRANSCRIPTION FACTOR IIA - TOA1C SUBUNIT)+PROTEIN (TRANSCRIPTION FACTOR IIA - TOA1N SUBUNIT)+PROTEIN (TRANSCRIPTION FACTOR IIA - TOA2 SUBUNIT),S. cerevisiae,121+180+53+79,X,2.5,Hetero 4-mer,A,C,Protein-Protein,528.27,251.69,276.58,57.79,47.04,67.57,14.04,13.33,14.81,47.61,25.13,22.96
1YTF,ABCD:EF,PROTEIN (TATA BINDING PROTEIN (TBP))+PROTEIN (TRANSCRIPTION FACTOR IIA - TOA1C SUBUNIT)+PROTEIN (TRANSCRIPTION FACTOR IIA - TOA1N SUBUNIT)+PROTEIN (TRANSCRIPTION FACTOR IIA - TOA2 SUBUNIT),S. cerevisiae,121+180+53+79,X,2.5,Hetero 4-mer,A,D,Protein-Protein,847.75,395.07,452.68,44.2,43.22,45.06,18.39,24.0,10.81,53.4,30.4,23.46
1YTF,ABCD:EF,PROTEIN (TATA BINDING PROTEIN (TBP))+PROTEIN (TRANSCRIPTION FACTOR IIA - TOA1C SUBUNIT)+PROTEIN (TRANSCRIPTION FACTOR IIA - TOA1N SUBUNIT)+PROTEIN (TRANSCRIPTION FACTOR IIA - TOA2 SUBUNIT),S. cerevisiae,121+180+53+79,X,2.5,Hetero 4-mer,B,C,Protein-Protein,500.18,251.11,249.07,48.15,44.58,51.76,11.76,8.33,14.81,42.31,18.67,22.89
1YTF,ABCD:EF,PROTEIN (TATA BINDING PROTEIN (TBP))+PROTEIN (TRANSCRIPTION FACTOR IIA - TOA1C SUBUNIT)+PROTEIN (TRANSCRIPTION FACTOR IIA - TOA1N SUBUNIT)+PROTEIN (TRANSCRIPTION FACTOR IIA - TOA2 SUBUNIT),S. cerevisiae,121+180+53+79,X,2.5,Hetero 4-mer,B,D,Protein-Protein,2071.37,1033.87,1037.5,81.1,78.66,83.54,38.81,37.25,40.4,71.44,41.18,33.37
1YTF,ABCD:EF,PROTEIN (TATA BINDING PROTEIN (TBP))+PROTEIN (TRANSCRIPTION FACTOR IIA - TOA1C SUBUNIT)+PROTEIN (TRANSCRIPTION FACTOR IIA - TOA1N SUBUNIT)+PROTEIN (TRANSCRIPTION FACTOR IIA - TOA2 SUBUNIT),S. cerevisiae,121+180+53+79,X,2.5,Hetero 4-mer,C,D,Protein-Protein,3338.98,1731.64,1607.34,68.55,66.33,70.94,40.29,43.48,37.5,101.97,58.67,49.7
1Z9C,ABCDEF:GHIJKL,PROTEIN (ZIF268),B. subtilis,87,X,2.64,Homo 2-mer,A,B,Protein-Protein,4808.63,2396.33,2412.3,74.3,75.25,73.36,39.44,39.15,39.74,120.61,58.45,60.14
1ZME,CD:AB,PROLINE UTILIZATION TRANSCRIPTION ACTIVATOR,S. cerevisiae,70,X,2.5,Homodimer,C,D,Protein-Protein,2205.86,1113.54,1092.32,75.3,75.22,75.38,34.3,30.85,37.17,70.49,33.21,38.46
2A07,FGHIJK:ABCD,Forkhead box protein P2,H. sapiens,93,X,1.9,Homo 6-mer,F,G,Protein-Protein,4531.41,2276.67,2254.74,75.04,75.46,74.61,46.86,47.46,46.28,109.8,56.53,58.68
2BNW,ABCD:EFGH,ORF OMEGA,S. pyogenes,53,X,2.45,Homodimer ,A,B,Protein-Protein,3642.09,1838.22,1803.87,71.29,71.32,71.26,37.02,35.75,38.25,125.1,61.49,62.11
2BNW,ABCD:EFGH,ORF OMEGA,S. pyogenes,53,X,2.45,Homodimer ,B,C,Protein-Protein,497.66,245.85,251.81,65.72,66.71,64.75,20.41,20.0,20.83,43.1,21.92,21.17
2BNW,ABCD:EFGH,ORF OMEGA,S. pyogenes,53,X,2.45,Homodimer ,C,D,Protein-Protein,3810.41,1890.18,1920.23,71.88,73.91,69.89,36.14,37.63,34.62,127.61,62.38,63.31
2BOP,A:B,PROTEIN (E2),B. papillomavirus type 1,85,X,1.7,Homodimer,A,B,Protein-Protein,691.81,355.42,336.39,50.55,70.73,29.23,18.67,20.59,17.07,53.12,23.94,29.51
2BSQ,ABCDEFGH:IJ,TRAFFICKING PROTEIN A+TRAFFICKING PROTEIN B,N. gonorrhoeae,146+77,X,3.0,Hetero 8-mer,A,B,Protein-Protein,1909.61,958.21,951.4,81.02,80.32,81.73,44.44,43.27,45.74,73.52,38.65,37.23
2BSQ,ABCDEFGH:IJ,TRAFFICKING PROTEIN A+TRAFFICKING PROTEIN B,N. gonorrhoeae,146+77,X,3.0,Hetero 8-mer,A,E,Protein-Protein,2678.38,1251.61,1426.77,70.08,75.45,65.38,33.47,42.22,23.01,78.73,42.16,37.65
2BSQ,ABCDEFGH:IJ,TRAFFICKING PROTEIN A+TRAFFICKING PROTEIN B,N. gonorrhoeae,146+77,X,3.0,Hetero 8-mer,B,E,Protein-Protein,88.79,42.17,46.62,54.29,25.85,80.01,0.0,0.0,0.0,10.0,6.0,3.0
2BSQ,ABCDEFGH:IJ,TRAFFICKING PROTEIN A+TRAFFICKING PROTEIN B,N. gonorrhoeae,146+77,X,3.0,Hetero 8-mer,B,F,Protein-Protein,2116.91,987.76,1129.15,72.53,73.4,71.77,34.12,37.93,29.47,87.68,45.4,43.28
2BSQ,ABCDEFGH:IJ,TRAFFICKING PROTEIN A+TRAFFICKING PROTEIN B,N. gonorrhoeae,146+77,X,3.0,Hetero 8-mer,C,D,Protein-Protein,1923.93,964.65,959.28,80.06,81.13,78.97,45.08,44.12,46.15,70.77,37.71,35.14
2BSQ,ABCDEFGH:IJ,TRAFFICKING PROTEIN A+TRAFFICKING PROTEIN B,N. gonorrhoeae,146+77,X,3.0,Hetero 8-mer,C,F,Protein-Protein,404.7,199.56,205.14,81.05,78.6,83.44,9.62,7.69,11.54,40.08,19.0,21.54
2BSQ,ABCDEFGH:IJ,TRAFFICKING PROTEIN A+TRAFFICKING PROTEIN B,N. gonorrhoeae,146+77,X,3.0,Hetero 8-mer,C,F,Protein-Protein,404.7,199.56,205.14,81.05,78.6,83.44,9.62,7.69,11.54,40.08,19.0,21.54
2BSQ,ABCDEFGH:IJ,TRAFFICKING PROTEIN A+TRAFFICKING PROTEIN B,N. gonorrhoeae,146+77,X,3.0,Hetero 8-mer,C,G,Protein-Protein,2613.58,1210.58,1403.0,68.74,73.06,65.01,30.56,35.71,24.11,82.3,43.54,40.27
2BSQ,ABCDEFGH:IJ,TRAFFICKING PROTEIN A+TRAFFICKING PROTEIN B,N. gonorrhoeae,146+77,X,3.0,Hetero 8-mer,D,G,Protein-Protein,48.77,23.28,25.49,58.89,13.87,100.0,0.0,0.0,0.0,7.0,5.0,1.0
2BSQ,ABCDEFGH:IJ,TRAFFICKING PROTEIN A+TRAFFICKING PROTEIN B,N. gonorrhoeae,146+77,X,3.0,Hetero 8-mer,D,H,Protein-Protein,2021.89,954.37,1067.52,73.91,72.7,75.0,35.9,42.06,28.41,83.77,42.54,42.45
2BSQ,ABCDEFGH:IJ,TRAFFICKING PROTEIN A+TRAFFICKING PROTEIN B,N. gonorrhoeae,146+77,X,3.0,Hetero 8-mer,E,H,Protein-Protein,2742.92,1373.81,1369.11,67.47,68.28,66.65,34.8,33.86,35.77,101.38,51.83,51.01
2C62,AB:C,ACTIVATED RNA POLYMERASE II TRANSCRIPTIONAL COACTIVATOR P15,H. sapiens,66,X,1.74,Homo 2-mer,A,B,Protein-Protein,2872.02,1433.72,1438.3,75.24,75.09,75.38,42.45,41.43,43.48,87.56,46.1,45.28
2C9L,YZ:AB,BZLF1 TRANS-ACTIVATOR PROTEIN,E. virus,63,X,2.25,Homo 2-mer,Y,Z,Protein-Protein,2868.99,1394.69,1474.3,72.1,74.09,70.22,39.56,37.24,42.19,93.35,49.57,45.89
2ER8,ABCD:EFGH,Regulatory protein LEU3,S. cerevisiae,72,X,2.85,Homodimer,A,B,Protein-Protein,0.0,0.0,0.0,0.0,0.0,0.0,0.0,0.0,0.0,0.0,0.0,0.0
2NLL,AB:CD,PROTEIN (RETINOIC ACID RECEPTOR)+PROTEIN (THYROID HORMONE RECEPTOR),H. sapiens,103+66,X,1.9,Hetero 2-mer,A,B,Protein-Protein,505.36,288.33,217.03,27.37,19.32,38.07,12.77,5.0,18.52,35.28,16.0,20.0
2OR1,LR:AB,434 REPRESSOR,E. phage 434,69,X,2.5,Homo 2-mer,L,R,Protein-Protein,648.12,334.82,313.3,58.84,57.47,60.3,3.08,5.88,0.0,46.89,25.0,23.35
2P5L,CDGH:ABEF,Arginine repressor,B. subtilis,64,X,2.85,Homodimer,C,D,Protein-Protein,1002.62,504.44,498.18,64.62,65.25,63.97,18.0,18.37,17.65,53.0,26.16,27.22
2QL2,ABCD:EFGH,Neurogenic differentiation factor 1,M. musculus,60,X,2.5,Homo 2-mer,A,B,Protein-Protein,1890.76,947.16,943.6,88.78,88.78,88.78,45.0,42.86,47.19,77.23,39.27,41.12
2R1J,LR:BA,Repressor protein C2,S. phage P22,68,X,1.53,Homo 2-mer,L,R,Protein-Protein,731.57,367.41,364.16,70.54,69.14,71.96,21.88,22.58,21.21,46.19,22.19,23.7
2RBF,AB:CD,Bifunctional protein putA,E. coli,54,X,2.25,Homodimer,A,B,Protein-Protein,3239.64,1591.23,1648.41,70.8,71.78,69.85,36.64,36.99,36.3,105.97,53.7,53.27
2VY1,A:W,PROTEIN LEAFY,A. thaliana,194,X,2.1,Homodimer,A,B,Protein-Protein,649.63,324.81,324.82,45.75,45.75,45.75,17.95,17.95,17.95,35.49,18.1,18.1
2W7N,AB:EFGH,TRFB TRANSCRIPTIONAL REPRESSOR PROTEIN,E. coli,101,X,1.85,Homodimer,A,B,Protein-Protein,2117.83,1079.92,1037.91,72.71,72.85,72.56,35.68,33.02,38.32,107.34,53.55,55.03
2YPA,ABCD:EF,LIM DOMAIN-BINDING PROTEIN 1+RHOMBOTIN-2+T-CELL ACUTE LYMPHOCYTIC LEUKEMIA PROTEIN 1+TRANSCRIPTION FACTOR E2-ALPHA,H. sapiens,145+51+82+91,X,2.8,Hetero 4-mer,A,B,Protein-Protein,2207.95,1129.8,1078.15,79.76,75.4,84.32,44.08,44.34,43.81,74.1,39.25,37.87
2YPA,ABCD:EF,LIM DOMAIN-BINDING PROTEIN 1+RHOMBOTIN-2+T-CELL ACUTE LYMPHOCYTIC LEUKEMIA PROTEIN 1+TRANSCRIPTION FACTOR E2-ALPHA,H. sapiens,145+51+82+91,X,2.8,Hetero 4-mer,A,C,Protein-Protein,1251.21,615.77,635.44,65.93,76.21,55.98,22.83,27.54,17.24,63.48,33.83,31.62
2YPA,ABCD:EF,LIM DOMAIN-BINDING PROTEIN 1+RHOMBOTIN-2+T-CELL ACUTE LYMPHOCYTIC LEUKEMIA PROTEIN 1+TRANSCRIPTION FACTOR E2-ALPHA,H. sapiens,145+51+82+91,X,2.8,Hetero 4-mer,B,C,Protein-Protein,670.56,354.12,316.44,45.9,55.87,34.74,16.42,13.33,18.92,53.7,24.73,29.35
2YPA,ABCD:EF,LIM DOMAIN-BINDING PROTEIN 1+RHOMBOTIN-2+T-CELL ACUTE LYMPHOCYTIC LEUKEMIA PROTEIN 1+TRANSCRIPTION FACTOR E2-ALPHA,H. sapiens,145+51+82+91,X,2.8,Hetero 4-mer,C,D,Protein-Protein,3372.03,1574.85,1797.18,62.5,57.62,66.77,31.89,31.25,32.65,73.23,37.83,36.35
2YVH,ABCD:EFGH,Transcriptional regulator,C. glutamicum,177,X,2.5,Homodimer,A,B,Protein-Protein,3710.78,1886.39,1824.39,69.21,68.18,70.28,41.1,41.94,40.22,87.72,46.66,43.85
2ZHG,A:B,Redox-sensitive transcriptional activator soxR,E. coli,154,X,2.8,Homodimer,A,C,Protein-Protein,3213.27,1606.61,1606.66,65.23,65.23,65.23,35.95,35.95,35.95,74.35,38.75,38.75
3A5T,AB:CD,Transcription factor MafG,M. musculus,107,X,2.8,Homodimer,A,B,Protein-Protein,1786.11,855.9,930.21,75.29,72.79,77.59,19.39,22.99,15.38,53.01,28.92,25.74
3CLC,ABCD:EF,Regulatory protein,E. sp. RFL1396,82,X,2.8,Homodimer,A,B,Protein-Protein,1895.23,964.73,930.5,79.89,79.3,80.5,39.64,40.23,39.02,77.1,41.2,38.71
3CLC,ABCD:EF,Regulatory protein,E. sp. RFL1396,82,X,2.8,Homodimer,B,C,Protein-Protein,181.01,90.24,90.77,24.46,18.68,30.21,0.0,0.0,0.0,13.0,6.0,6.0
3CLC,ABCD:EF,Regulatory protein,E. sp. RFL1396,82,X,2.8,Homodimer,C,D,Protein-Protein,1912.71,937.22,975.49,79.56,79.9,79.24,43.27,40.96,45.45,77.58,38.63,41.59
3D2W,A:B,TAR DNA-binding protein 43,M. musculus,89,X,1.65,Homodimer,A,C,Protein-Protein,0.0,0.0,0.0,0.0,0.0,0.0,0.0,0.0,0.0,0.0,0.0,0.0
3DNV,AB:T,HTH-type transcriptional regulator hipB+Protein hipA,E. coli,440+88,X,2.68,Heterodimer,A,B,Protein-Protein,1036.02,514.64,521.38,55.12,58.85,51.43,17.5,17.19,17.86,55.83,30.47,27.61
3DNV,AB:T,HTH-type transcriptional regulator hipB+Protein hipA,E. coli,440+88,X,2.68,Heterodimer,A,D,Protein-Protein,686.0,349.86,336.14,62.63,73.22,51.61,18.31,3.45,28.57,50.14,19.24,32.76
3DNV,AB:T,HTH-type transcriptional regulator hipB+Protein hipA,E. coli,440+88,X,2.68,Heterodimer,B,C,Protein-Protein,686.0,336.14,349.86,62.63,51.61,73.22,18.31,28.57,3.45,50.14,32.76,19.24
3DNV,AB:T,HTH-type transcriptional regulator hipB+Protein hipA,E. coli,440+88,X,2.68,Heterodimer,B,D,Protein-Protein,2803.84,1401.92,1401.92,69.18,69.18,69.18,54.17,54.17,54.17,120.47,61.57,61.57
3DNV,AB:T,HTH-type transcriptional regulator hipB+Protein hipA,E. coli,440+88,X,2.68,Heterodimer,C,D,Protein-Protein,1036.02,514.64,521.38,55.12,58.85,51.43,17.5,17.19,17.86,55.83,30.47,27.61
3E6C,C:BA,Cyclic nucleotide-binding protein,D. hafniense,250,X,1.8,Homodimer,C,F,Protein-Protein,4649.12,2324.56,2324.56,69.88,69.88,69.88,46.49,46.49,46.49,102.43,52.25,52.25
3FDQ,AB:CD,Motility gene repressor mogR,L. monocytogenes serovar 1/2a,170,X,1.75,Homodimer,A,B,Protein-Protein,307.03,153.72,153.31,44.93,44.83,45.02,5.56,5.56,5.56,27.78,13.67,13.67
3GFI,AC:DE,146aa long hypothetical transcriptional regulator,S. tokodaii,146,X,2.1,Homodimer,A,C,Protein-Protein,5630.67,2831.54,2799.13,72.61,72.81,72.4,38.64,38.81,38.46,122.92,65.21,57.47
3GNA,A:DE,V(D)J recombination-activating protein 1,M. musculus,96,X,2.4,Homodimer,A,B,Protein-Protein,3722.72,1861.36,1861.36,71.74,71.74,71.74,32.09,32.09,32.09,110.54,58.31,58.31
3GXQ,AB:CD,Putative regulator of transfer genes ArtA,S. aureus,54,X,2.35,Homodimer,A,B,Protein-Protein,3304.61,1641.25,1663.36,72.18,73.09,71.28,38.61,38.82,38.41,113.49,56.16,55.95
3GZ6,AB:DC,MutT/nudix family protein,S. oneidensis,240,X,2.9,Heterodimer,A,B,Protein-Protein,1986.88,991.77,995.11,59.45,59.64,59.26,27.62,28.0,27.27,59.36,29.6,31.47
3H0D,AB:DC,CtsR,G. stearothermophilus,155,X,2.4,Homodimer,A,B,Protein-Protein,2165.93,1061.88,1104.05,60.31,63.03,57.69,41.71,41.51,41.9,73.4,37.34,38.0
3HTS,B:A,HEAT SHOCK TRANSCRIPTION FACTOR,K. lactis,102,X,1.75,Homodimer,B,D,Protein-Protein,763.6,381.8,381.8,43.95,43.95,43.95,9.3,9.3,9.3,45.19,22.84,22.84
3IGM,BA:WXCD,PF14_0633 protein,P. falciparum,77,X,2.2,Homodimer,A,B,Protein-Protein,3100.15,1555.72,1544.43,74.84,74.81,74.87,38.39,41.32,35.5,84.4,42.95,42.93
3IKT,AB:CD,Redox-sensing transcriptional repressor rex,T. thermophilus,207,X,2.26,Homodimer,A,B,Protein-Protein,5174.2,2566.9,2607.3,73.85,75.55,72.16,38.1,37.23,39.04,97.97,49.95,48.56
3IV5,AB:CD,DNA-binding protein fis,E. coli,98,X,2.9,Homodimer,A,B,Protein-Protein,4445.61,2219.83,2225.78,72.5,72.46,72.55,39.68,40.28,39.11,111.84,58.1,57.44
3JSO,AB:CD,LexA repressor,E. coli,202,X,2.29,Homodimer,A,B,Protein-Protein,2809.99,1382.21,1427.78,55.4,54.25,56.5,29.83,32.03,27.46,69.25,36.86,34.45
3KS8,ABCD:EF,Polymerase cofactor VP35,R. ebolavirus,184,X,2.4,Homo 2-mer,A,B,Protein-Protein,681.77,365.52,316.25,29.8,29.26,30.42,25.35,21.21,28.95,51.27,24.73,27.37
3LSP,A:BD,DesT,P. aeruginosa,220,X,2.66,Homodimer,A,C,Protein-Protein,3083.2,1541.6,1541.6,73.91,73.91,73.91,33.13,33.13,33.13,86.52,45.41,45.41
3MLN,ABE:CD,Transcription factor COE1,M. musculus,224,X,2.4,Homodimer,A,B,Protein-Protein,583.57,290.04,293.53,47.67,52.83,42.57,13.33,12.9,13.79,36.47,18.39,18.34
3MZH,AB:CD,PROBABLE TRANSCRIPTIONAL REGULATORY PROTEIN (PROBABLY CRP/FNR-FAMILY),M. tuberculosis,225,X,2.9,Homo 2-mer,A,B,Protein-Protein,3442.37,1717.04,1725.33,71.39,69.98,72.79,35.61,36.0,35.23,97.85,49.19,51.31
3N4M,ABC:DE,Catabolite gene activator+DNA-directed RNA polymerase subunit alpha,E. coli,209+84,X,2.99,Hetero 6-mer,A,B,Protein-Protein,697.0,330.87,366.13,53.39,47.88,58.37,36.11,42.11,29.41,58.56,33.42,25.65
3N4M,ABC:DE,Catabolite gene activator+DNA-directed RNA polymerase subunit alpha,E. coli,209+84,X,2.99,Hetero 6-mer,B,C,Protein-Protein,319.3,138.2,181.1,67.3,67.5,67.15,8.11,13.64,0.0,31.89,19.45,13.33
3O9X,AB:FE,Uncharacterized HTH-type transcriptional regulator ygiT,E. coli,133,X,2.1,Homo 2-mer,A,B,Protein-Protein,1614.97,804.09,810.88,65.96,66.48,65.44,44.85,45.78,43.9,82.61,41.88,42.85
3ON0,ABCD:P,Protein traM,E. coli,127,X,2.87,Homotetramer,A,B,Protein-Protein,1230.75,615.9,614.85,68.58,69.05,68.1,11.03,11.76,10.29,42.6,22.62,20.56
3ON0,ABCD:P,Protein traM,E. coli,127,X,2.87,Homotetramer,A,C,Protein-Protein,2703.37,1319.32,1384.05,69.52,72.42,66.76,35.36,35.51,35.2,78.56,35.45,46.11
3ON0,ABCD:P,Protein traM,E. coli,127,X,2.87,Homotetramer,A,D,Protein-Protein,5588.53,2819.72,2768.81,74.33,72.59,76.11,38.17,38.26,38.08,99.65,53.58,47.16
3ON0,ABCD:P,Protein traM,E. coli,127,X,2.87,Homotetramer,B,C,Protein-Protein,5742.7,2900.68,2842.02,73.94,71.75,76.17,39.03,37.74,40.29,99.44,52.88,48.37
3ON0,ABCD:P,Protein traM,E. coli,127,X,2.87,Homotetramer,B,D,Protein-Protein,2535.43,1244.78,1290.65,72.25,76.7,67.96,35.59,36.89,34.21,78.76,35.69,46.12
3ON0,ABCD:P,Protein traM,E. coli,127,X,2.87,Homotetramer,C,D,Protein-Protein,919.95,466.13,453.82,76.16,76.84,75.46,12.61,10.71,14.55,37.82,19.11,18.8
3Q5F,AB:CD,Transcriptional regulator slyA,S. typhimurium,147,X,2.96,Homodimer,A,B,Protein-Protein,4248.02,2106.85,2141.17,76.44,76.37,76.51,25.88,25.13,26.63,100.63,50.76,49.48
3R2C,ABJK:RS,30S ribosomal protein S10+N utilization substance protein B,A. aeolicus,148+83,X,1.9,Heterodimer,A,J,Protein-Protein,1681.87,854.59,827.28,51.46,50.59,52.37,46.11,44.79,47.62,78.26,40.73,39.86
3U3W,ABPQ:YZ,C-terminus heptapeptide from PapR protein+Transcriptional activator PlcR protein,B. thuringiensis,293+7,X,2.4,Heterodimer,A,B,Protein-Protein,3782.43,1885.84,1896.59,71.81,71.52,72.09,30.93,32.65,29.17,79.55,43.05,41.48
3VOK,A:U,Transcriptional regulator,L. lactis subsp. lactis,189,X,2.0,Homodimer,A,B,Protein-Protein,3147.25,1573.6,1573.65,72.37,72.37,72.38,30.87,30.87,30.87,77.03,39.83,39.83
3ZKC,AB:CD,HTH-TYPE TRANSCRIPTIONAL REGULATOR SINR,B. subtilis,111,X,3.0,Homodimer,A,B,Protein-Protein,1038.02,525.07,512.95,65.24,65.79,64.68,24.47,19.57,29.17,57.28,28.57,29.21
3ZPL,ABEF:CDGH,PUTATIVE MARR-FAMILY TRANSCRIPTIONAL REPRESSOR,S. coelicolor,177,X,2.8,Homodimer,A,B,Protein-Protein,5267.58,2631.23,2636.35,74.0,73.04,74.96,30.68,29.18,32.17,108.89,55.09,55.45
3ZQL,ABCD:EFGH,PUTATIVE REPRESSOR SIMREG2,S. antibioticus,267,X,2.99,Homodimer,C,D,Protein-Protein,5201.05,2588.48,2612.57,70.13,69.49,70.76,22.65,21.76,23.55,75.27,40.21,39.52
3ZVK,ABCDEFGH:XY,ANTITOXIN OF TOXIN-ANTITOXIN SYSTEM VAPB+TOXIN OF TOXIN-ANTITOXIN SYSTEM,R. felis,134+78,X,2.5,Hetero 8-mer,E,B,Protein-Protein,442.61,237.02,205.59,71.39,75.61,66.53,13.64,5.0,20.83,37.86,17.7,19.5
3ZVK,ABCDEFGH:XY,ANTITOXIN OF TOXIN-ANTITOXIN SYSTEM VAPB+TOXIN OF TOXIN-ANTITOXIN SYSTEM,R. felis,134+78,X,2.5,Hetero 8-mer,E,A,Protein-Protein,1982.27,1048.34,933.93,76.07,80.44,71.18,46.7,45.88,47.32,96.51,45.62,52.39
3ZVK,ABCDEFGH:XY,ANTITOXIN OF TOXIN-ANTITOXIN SYSTEM VAPB+TOXIN OF TOXIN-ANTITOXIN SYSTEM,R. felis,134+78,X,2.5,Hetero 8-mer,E,H,Protein-Protein,3197.64,1586.61,1611.03,64.38,65.0,63.77,42.62,44.0,41.29,110.39,55.13,54.18
3ZVK,ABCDEFGH:XY,ANTITOXIN OF TOXIN-ANTITOXIN SYSTEM VAPB+TOXIN OF TOXIN-ANTITOXIN SYSTEM,R. felis,134+78,X,2.5,Hetero 8-mer,F,B,Protein-Protein,2881.04,1580.47,1300.57,68.53,70.43,66.22,38.83,36.03,41.29,87.64,41.13,47.32
3ZVK,ABCDEFGH:XY,ANTITOXIN OF TOXIN-ANTITOXIN SYSTEM VAPB+TOXIN OF TOXIN-ANTITOXIN SYSTEM,R. felis,134+78,X,2.5,Hetero 8-mer,F,C,Protein-Protein,449.71,249.24,200.47,56.35,72.99,35.66,12.73,9.52,14.71,26.95,9.52,17.24
3ZVK,ABCDEFGH:XY,ANTITOXIN OF TOXIN-ANTITOXIN SYSTEM VAPB+TOXIN OF TOXIN-ANTITOXIN SYSTEM,R. felis,134+78,X,2.5,Hetero 8-mer,F,G,Protein-Protein,3401.6,1698.21,1703.39,63.59,63.16,64.02,40.25,40.99,39.49,108.58,53.23,54.06
3ZVK,ABCDEFGH:XY,ANTITOXIN OF TOXIN-ANTITOXIN SYSTEM VAPB+TOXIN OF TOXIN-ANTITOXIN SYSTEM,R. felis,134+78,X,2.5,Hetero 8-mer,F,A,Protein-Protein,1040.61,567.54,473.07,63.1,68.31,56.84,25.66,22.22,28.81,61.22,30.85,31.83
3ZVK,ABCDEFGH:XY,ANTITOXIN OF TOXIN-ANTITOXIN SYSTEM VAPB+TOXIN OF TOXIN-ANTITOXIN SYSTEM,R. felis,134+78,X,2.5,Hetero 8-mer,F,D,Protein-Protein,5.98,3.06,2.92,0.0,0.0,0.0,0.0,0.0,0.0,1.0,0.0,0.0
3ZVK,ABCDEFGH:XY,ANTITOXIN OF TOXIN-ANTITOXIN SYSTEM VAPB+TOXIN OF TOXIN-ANTITOXIN SYSTEM,R. felis,134+78,X,2.5,Hetero 8-mer,H,B,Protein-Protein,11.64,5.82,5.82,0.0,0.0,0.0,0.0,0.0,0.0,1.0,0.0,0.0
3ZVK,ABCDEFGH:XY,ANTITOXIN OF TOXIN-ANTITOXIN SYSTEM VAPB+TOXIN OF TOXIN-ANTITOXIN SYSTEM,R. felis,134+78,X,2.5,Hetero 8-mer,H,D,Protein-Protein,1537.65,824.94,712.71,74.53,77.85,70.69,46.45,46.58,46.34,90.68,49.4,43.37
4EGY,AB:TU,Arabinose metabolism transcriptional repressor,B. subtilis,88,X,2.3,Monomer,A,B,Protein-Protein,91.1,44.89,46.21,50.7,62.09,39.65,0.0,0.0,0.0,3.0,1.0,1.0
4G7H,ABCDEFKLMNOP:GHQR,DNA-directed RNA polymerase subunit alpha+DNA-directed RNA polymerase subunit beta+DNA-directed RNA polymerase subunit beta'+DNA-directed RNA polymerase subunit omega+RNA polymerase sigma factor,T. thermophilus,1119+1524+315+443+99,X,2.9,Hetero 6-mer,A,C,Protein-Protein,3878.34,1980.83,1897.51,57.48,54.03,61.08,30.85,30.16,31.46,74.48,38.6,39.09
4G7H,ABCDEFKLMNOP:GHQR,DNA-directed RNA polymerase subunit alpha+DNA-directed RNA polymerase subunit beta+DNA-directed RNA polymerase subunit beta'+DNA-directed RNA polymerase subunit omega+RNA polymerase sigma factor,T. thermophilus,1119+1524+315+443+99,X,2.9,Hetero 6-mer,A,D,Protein-Protein,88.12,48.47,39.65,25.82,0.0,57.38,9.09,0.0,11.11,10.0,1.0,8.0
4G7H,ABCDEFKLMNOP:GHQR,DNA-directed RNA polymerase subunit alpha+DNA-directed RNA polymerase subunit beta+DNA-directed RNA polymerase subunit beta'+DNA-directed RNA polymerase subunit omega+RNA polymerase sigma factor,T. thermophilus,1119+1524+315+443+99,X,2.9,Hetero 6-mer,B,C,Protein-Protein,507.79,265.96,241.83,43.29,40.43,46.42,8.33,4.35,12.0,29.12,13.04,16.08
4G7H,ABCDEFKLMNOP:GHQR,DNA-directed RNA polymerase subunit alpha+DNA-directed RNA polymerase subunit beta+DNA-directed RNA polymerase subunit beta'+DNA-directed RNA polymerase subunit omega+RNA polymerase sigma factor,T. thermophilus,1119+1524+315+443+99,X,2.9,Hetero 6-mer,B,D,Protein-Protein,2347.42,1136.76,1210.66,54.03,57.33,50.93,18.26,19.67,16.81,63.8,31.46,34.45
4G7H,ABCDEFKLMNOP:GHQR,DNA-directed RNA polymerase subunit alpha+DNA-directed RNA polymerase subunit beta+DNA-directed RNA polymerase subunit beta'+DNA-directed RNA polymerase subunit omega+RNA polymerase sigma factor,T. thermophilus,1119+1524+315+443+99,X,2.9,Hetero 6-mer,C,D,Protein-Protein,17343.56,8786.96,8556.6,65.12,66.3,63.9,44.06,44.93,43.25,108.62,58.67,53.85
4G7H,ABCDEFKLMNOP:GHQR,DNA-directed RNA polymerase subunit alpha+DNA-directed RNA polymerase subunit beta+DNA-directed RNA polymerase subunit beta'+DNA-directed RNA polymerase subunit omega+RNA polymerase sigma factor,T. thermophilus,1119+1524+315+443+99,X,2.9,Hetero 6-mer,C,F,Protein-Protein,4745.52,2408.96,2336.56,61.06,61.42,60.69,24.3,25.19,23.33,62.51,35.27,29.65
4G7H,ABCDEFKLMNOP:GHQR,DNA-directed RNA polymerase subunit alpha+DNA-directed RNA polymerase subunit beta+DNA-directed RNA polymerase subunit beta'+DNA-directed RNA polymerase subunit omega+RNA polymerase sigma factor,T. thermophilus,1119+1524+315+443+99,X,2.9,Hetero 6-mer,D,E,Protein-Protein,4564.54,2358.4,2206.14,62.0,60.97,63.09,39.25,40.26,38.18,103.22,50.03,56.21
4G7H,ABCDEFKLMNOP:GHQR,DNA-directed RNA polymerase subunit alpha+DNA-directed RNA polymerase subunit beta+DNA-directed RNA polymerase subunit beta'+DNA-directed RNA polymerase subunit omega+RNA polymerase sigma factor,T. thermophilus,1119+1524+315+443+99,X,2.9,Hetero 6-mer,D,F,Protein-Protein,7636.12,3834.38,3801.74,56.41,55.11,57.73,26.34,26.9,25.75,71.32,38.63,35.09
4G92,ABC:DE,HAPB protein+HapE+Transcription factor HapC (Eurofung),E. nidulans,119+64+92,X,1.8,Hetero 3-mer,A,B,Protein-Protein,1629.81,866.75,763.06,53.72,56.44,50.63,21.77,21.21,22.22,53.54,24.12,29.95
4G92,ABC:DE,HAPB protein+HapE+Transcription factor HapC (Eurofung),E. nidulans,119+64+92,X,1.8,Hetero 3-mer,A,C,Protein-Protein,787.35,390.07,397.28,57.4,50.78,63.89,11.39,10.0,12.82,38.18,19.8,17.79
4G92,ABC:DE,HAPB protein+HapE+Transcription factor HapC (Eurofung),E. nidulans,119+64+92,X,1.8,Hetero 3-mer,B,C,Protein-Protein,5744.01,2893.3,2850.71,70.55,71.31,69.77,47.55,49.65,45.42,108.36,59.31,54.34
4H10,AB:CD,Polymerase cofactor VP35,H. sapiens,146,X,2.4,Heterodimer,A,B,Protein-Protein,2004.93,1014.34,990.59,79.41,81.99,76.76,38.25,41.86,35.05,78.37,39.65,41.59
4HF1,AB:CD,Aryl hydrocarbon receptor nuclear translocator-like protein 1+Circadian locomoter output cycles protein kaput,E. coli,71+73,X,2.22,Homodimer,A,B,Protein-Protein,3424.06,1724.09,1699.97,73.07,73.75,72.39,37.96,38.79,37.11,80.94,42.5,41.14
4HQE,AB:CD,Transcriptional regulator QsrR,S. aureus,115,X,2.3,Homodimer,A,B,Protein-Protein,4508.64,2250.06,2258.58,71.28,72.0,70.56,35.68,35.65,35.71,101.57,54.57,50.4
4HQU,A:C,Platelet-derived growth factor subunit B,H. sapiens,109,X,2.2,Homodimer,A,B,Protein-Protein,2205.89,1102.94,1102.95,62.67,62.67,62.67,28.83,28.83,28.83,59.82,29.96,29.96
4I2O,AB:WX,FixK2 protein,B. japonicum,243,X,1.77,Homodimer,A,B,Protein-Protein,4251.88,2119.36,2132.52,65.65,65.95,65.35,34.45,35.27,33.65,98.29,49.93,50.44
4IHT,ABCD:EFGH,HTH-type transcriptional regulator BenM,A. baylyi,94,X,3.0,Homodimer,A,B,Protein-Protein,2377.54,1213.82,1163.72,59.26,61.44,56.98,49.37,49.18,49.57,83.46,42.97,43.25
4IQR,ABEFIJKL:CDGH,Hepatocyte nuclear factor 4-alpha+Nuclear receptor coactivator 2,H. sapiens,13+338,X,2.9,Homodimer,A,B,Protein-Protein,3813.45,1845.09,1968.36,51.39,52.23,50.61,22.72,25.35,19.79,80.4,45.0,39.06
4IZZ,AB:CD,Transcription Factor HetR,F. thermalis PCC 7521,302,X,2.5,Homodimer,A,B,Protein-Protein,14328.36,7138.73,7189.63,67.4,67.66,67.13,49.57,49.86,49.28,153.13,77.97,79.26
4J19,AB:CD,Homeobox-containing protein 1,H. sapiens,113,X,2.9,Monomer,A,B,Protein-Protein,189.44,93.47,95.97,49.94,55.46,44.56,8.33,16.67,0.0,18.92,9.83,9.0
4JCX,AB:CD,Csp231I C protein,C. sp. RFL231,98,X,2.3,Homodimer,A,B,Protein-Protein,2336.61,1163.83,1172.78,76.7,77.09,76.31,41.18,42.02,40.34,87.66,46.66,44.27
4JL3,ABCD:EF,"Transcriptional regulator, TetR family",M. smegmatis,196,X,2.5,Homodimer,A,B,Protein-Protein,0.0,0.0,0.0,0.0,0.0,0.0,0.0,0.0,0.0,0.0,0.0,0.0
4KFC,AB:YZ,KDP operon transcriptional regulatory protein KdpE,E. coli,227,X,2.53,Homodimer,A,B,Protein-Protein,2200.5,1088.66,1111.84,52.64,52.32,52.94,26.39,24.55,28.3,60.26,30.91,30.85
4LDX,AB:CD,Auxin response factor 1,A. thaliana,363,X,2.9,Homodimer,A,B,Protein-Protein,2378.72,1181.39,1197.33,70.01,69.98,70.04,30.16,29.46,30.89,84.65,42.67,42.5
4LLN,ABCDIJ:GHEFKL,MepR,S. aureus,140,X,2.84,Homodimer,A,B,Protein-Protein,4218.06,2081.9,2136.16,72.14,73.75,70.58,37.66,38.0,37.31,125.16,62.85,61.93
4MTD,ABCD:YZ,Zinc uptake regulation protein,E. coli,171,X,2.5,Homodimer,A,B,Protein-Protein,402.75,201.07,201.68,57.74,53.31,62.15,0.0,0.0,0.0,41.39,21.44,21.42
4NHJ,AB:CD,DNA-binding transcriptional regulator RstA,K. pneumoniae subsp. pneumoniae,119,X,2.7,Homodimer,A,B,Protein-Protein,723.32,334.4,388.92,51.87,54.92,49.24,20.83,23.68,17.65,43.75,21.16,23.24
4ON0,ABCD:EGFH,NolR,R. fredii,118,X,3.0,Homodimer,A,B,Protein-Protein,2766.49,1371.89,1394.6,80.69,83.06,78.36,37.59,36.49,38.73,77.76,39.26,39.56
4R22,B:G,HTH-type transcriptional regulator TnrA,P. megaterium,82,X,2.6,Homodimer,A,B,Protein-Protein,987.72,493.86,493.86,81.84,81.84,81.84,31.37,31.37,31.37,68.22,34.9,34.9
4RB1,AB:D,DNA-binding transcriptional dual regulator of siderophore biosynthesis and transport(Fur family),M. gryphiswaldense,145,X,2.75,Heterodimer,A,B,Protein-Protein,2215.37,1114.18,1101.19,73.13,73.79,72.47,34.84,35.14,34.55,77.18,39.91,40.29
4ROC,AB:NT,TATA-box-binding protein+Transcription factor IIIB 50 kDa subunit,H. sapiens,183+360,X,1.9,Hetero dimer,A,B,Protein-Protein,3991.39,1966.11,2025.28,59.99,64.28,55.83,29.07,28.71,29.44,74.75,36.55,40.23
4WLS,AB:XYUV,HTH-type transcriptional regulator CueR,E. coli,128,X,2.11,Homodimer,A,B,Protein-Protein,3248.01,1625.64,1622.37,75.59,77.03,74.15,40.07,41.55,38.57,85.35,43.76,43.56
4WU4,AB:GH,Response regulator receiver domain protein,,68,X,2.3,Homodimer,A,B,Protein-Protein,871.65,436.57,435.08,71.33,71.58,71.08,18.39,16.67,20.0,57.13,29.71,30.49
5D8C,AB:CD,MerR family regulator protein,H. influenzae,137,X,2.25,Homodimer,A,B,Protein-Protein,3464.45,1727.62,1736.83,79.62,79.74,79.51,52.25,51.46,53.09,79.59,41.2,40.77
5DY0,ABCD:EFGH,TetR family transcriptional regulator,,230,X,3.0,Homodimer,A,B,Protein-Protein,1617.03,802.89,814.14,78.46,77.13,79.77,21.34,24.71,17.72,51.77,27.67,26.05
5F7Q,CEJL:FK,Lmo0178 protein,L. monocytogenes serovar 1/2a,407,X,2.4,Homodimer,C,E,Protein-Protein,4297.95,2151.83,2146.12,65.42,65.01,65.83,35.12,35.19,35.05,77.65,40.2,40.22
5FMP,AB:CD,HTH-TYPE TRANSCRIPTIONAL REPRESSOR KSTR,M. tuberculosis,205,X,2.26,Homodimer,A,B,Protein-Protein,2735.87,1368.51,1367.36,69.26,69.3,69.22,28.36,27.01,29.77,71.87,37.34,37.4
5GNJ,GIABEFMN:KLCDHJOP,Transcription factor MYC2,A. thaliana,89,X,2.7,Homodimer,A,B,Protein-Protein,3312.42,1634.54,1677.88,87.16,87.37,86.96,43.13,44.52,41.77,74.59,38.5,39.89
5GPC,ABCD:GE,Transcriptional regulator (TetR/AcrR family),H. halodurans,194,X,2.8,Homodimer,A,B,Protein-Protein,3523.33,1759.06,1764.27,65.68,65.4,65.97,37.02,37.5,36.52,94.14,49.28,48.01
5H3R,AB:CD,Multiple antibiotic resistance protein MarR,E. coli,147,X,2.67,Homodimer,A,B,Protein-Protein,5782.71,2889.63,2893.08,71.93,72.01,71.85,36.65,32.26,40.94,106.36,52.56,55.49
5HLG,ABCDEFGH:IJKLMNOP,MarR family transcriptional regulator,S. epidermidis,148,X,3.0,Homodimer,A,B,Protein-Protein,5295.27,2669.35,2625.92,72.87,73.27,72.47,37.18,37.75,36.64,124.14,61.53,62.82
5HSO,ABCD:EF,Uncharacterized HTH-type transcriptional regulator Rv2887,M. tuberculosis,160,X,2.5,Homodimer,A,B,Protein-Protein,3811.05,1910.2,1900.85,70.02,69.19,70.86,32.58,32.22,32.95,99.9,51.16,49.92
5I44,BADEGFHIJK:UTZRPW need to check the interface,Chromosome-anchoring protein RacA,B. subtilis,69,X,2.62,Homodimer,A,B,Protein-Protein,279.69,139.99,139.7,69.59,70.48,68.7,6.06,6.25,5.88,30.61,14.62,15.88
5JUB,ABCD:XZ,ComS+Transcriptional regulator,S. thermophilus,310+8,X,2.57,Homodimer,A,B,Protein-Protein,3749.52,1897.3,1852.22,64.4,67.36,61.37,22.06,19.49,24.51,66.54,31.49,37.65
5K5Q,CDABEF:PN,AspA,S. sp. NOB8H2,92,X,2.65,Heterodimer,A,B,Protein-Protein,2927.17,1467.93,1459.24,79.93,82.51,77.34,37.68,44.03,31.69,98.76,50.18,51.48
5K7Z,ABCD:EF,"Transcriptional regulator, TetR family",M. xanthus,231,X,2.92,Homo 2-mer,A,B,Protein-Protein,2885.46,1435.75,1449.71,60.9,59.08,62.71,44.0,43.21,44.79,95.35,48.63,48.69
5LEJ,AB:CD,Listeriolysin regulatory protein,L. monocytogenes serovar 1/2a,237,X,2.7,Homodimer,A,B,Protein-Protein,4920.74,2469.44,2451.3,60.67,61.63,59.69,42.56,41.0,44.12,108.45,55.76,55.53
5MHJ,AB:EF,Major viral transcription factor ICP4,H. herpesvirus 1,201,X,2.12,Homodimer,A,B,Protein-Protein,5692.92,2855.56,2837.36,68.43,68.89,67.98,48.41,47.85,48.98,107.57,56.88,54.64
5MPF,AB:EF,Grainyhead-like protein 1 homolog,H. sapiens,238,X,2.92,Homodimer,A,B,Protein-Protein,432.12,215.84,216.28,44.03,38.93,49.11,8.33,8.0,8.7,40.04,22.32,20.87
5TW1,JABCDEFT:OP,DNA-directed RNA polymerase subunit alpha+DNA-directed RNA polymerase subunit beta+DNA-directed RNA polymerase subunit beta'+DNA-directed RNA polymerase subunit omega+RNA polymerase sigma factor SigA+RNA polymerase-binding protein RbpA+Unknown peptide,M. smegmatis,107+114+1169+1317+17+350+466,X,2.76,Hetero 9-mer,J,T,Protein-Protein,28.21,14.03,14.18,19.21,38.63,0.0,0.0,0.0,0.0,3.0,1.0,1.0
5TW1,JABCDEFT:OP,DNA-directed RNA polymerase subunit alpha+DNA-directed RNA polymerase subunit beta+DNA-directed RNA polymerase subunit beta'+DNA-directed RNA polymerase subunit omega+RNA polymerase sigma factor SigA+RNA polymerase-binding protein RbpA+Unknown peptide,M. smegmatis,107+114+1169+1317+17+350+466,X,2.76,Hetero 9-mer,J,D,Protein-Protein,1235.19,641.65,593.54,65.72,69.03,62.14,24.46,20.31,28.0,60.36,30.78,31.71
5TW1,JABCDEFT:OP,DNA-directed RNA polymerase subunit alpha+DNA-directed RNA polymerase subunit beta+DNA-directed RNA polymerase subunit beta'+DNA-directed RNA polymerase subunit omega+RNA polymerase sigma factor SigA+RNA polymerase-binding protein RbpA+Unknown peptide,M. smegmatis,107+114+1169+1317+17+350+466,X,2.76,Hetero 9-mer,J,F,Protein-Protein,1905.07,997.54,907.53,65.5,64.41,66.71,35.08,35.23,34.95,85.03,42.86,44.02
5TW1,JABCDEFT:OP,DNA-directed RNA polymerase subunit alpha+DNA-directed RNA polymerase subunit beta+DNA-directed RNA polymerase subunit beta'+DNA-directed RNA polymerase subunit omega+RNA polymerase sigma factor SigA+RNA polymerase-binding protein RbpA+Unknown peptide,M. smegmatis,107+114+1169+1317+17+350+466,X,2.76,Hetero 9-mer,C,A,Protein-Protein,3844.97,1878.62,1966.35,54.4,50.85,57.8,27.16,29.47,24.6,73.32,38.24,38.29
5TW1,JABCDEFT:OP,DNA-directed RNA polymerase subunit alpha+DNA-directed RNA polymerase subunit beta+DNA-directed RNA polymerase subunit beta'+DNA-directed RNA polymerase subunit omega+RNA polymerase sigma factor SigA+RNA polymerase-binding protein RbpA+Unknown peptide,M. smegmatis,107+114+1169+1317+17+350+466,X,2.76,Hetero 9-mer,C,B,Protein-Protein,440.52,215.66,224.86,48.15,39.19,56.75,11.11,12.0,10.34,38.85,18.08,21.03
5TW1,JABCDEFT:OP,DNA-directed RNA polymerase subunit alpha+DNA-directed RNA polymerase subunit beta+DNA-directed RNA polymerase subunit beta'+DNA-directed RNA polymerase subunit omega+RNA polymerase sigma factor SigA+RNA polymerase-binding protein RbpA+Unknown peptide,M. smegmatis,107+114+1169+1317+17+350+466,X,2.76,Hetero 9-mer,C,D,Protein-Protein,15436.77,7844.77,7592.0,66.24,65.75,66.75,39.21,38.82,39.58,110.15,60.26,54.17
5TW1,JABCDEFT:OP,DNA-directed RNA polymerase subunit alpha+DNA-directed RNA polymerase subunit beta+DNA-directed RNA polymerase subunit beta'+DNA-directed RNA polymerase subunit omega+RNA polymerase sigma factor SigA+RNA polymerase-binding protein RbpA+Unknown peptide,M. smegmatis,107+114+1169+1317+17+350+466,X,2.76,Hetero 9-mer,C,E,Protein-Protein,496.4,254.27,242.13,38.28,33.13,43.69,3.7,3.45,4.0,28.59,15.1,13.52
5TW1,JABCDEFT:OP,DNA-directed RNA polymerase subunit alpha+DNA-directed RNA polymerase subunit beta+DNA-directed RNA polymerase subunit beta'+DNA-directed RNA polymerase subunit omega+RNA polymerase sigma factor SigA+RNA polymerase-binding protein RbpA+Unknown peptide,M. smegmatis,107+114+1169+1317+17+350+466,X,2.76,Hetero 9-mer,C,F,Protein-Protein,4042.45,2048.05,1994.4,67.26,65.91,68.63,17.68,19.91,15.35,57.45,31.27,27.4
5TW1,JABCDEFT:OP,DNA-directed RNA polymerase subunit alpha+DNA-directed RNA polymerase subunit beta+DNA-directed RNA polymerase subunit beta'+DNA-directed RNA polymerase subunit omega+RNA polymerase sigma factor SigA+RNA polymerase-binding protein RbpA+Unknown peptide,M. smegmatis,107+114+1169+1317+17+350+466,X,2.76,Hetero 9-mer,D,A,Protein-Protein,98.08,47.79,50.29,50.57,9.79,89.32,0.0,0.0,0.0,6.73,3.33,2.4
5TW1,JABCDEFT:OP,DNA-directed RNA polymerase subunit alpha+DNA-directed RNA polymerase subunit beta+DNA-directed RNA polymerase subunit beta'+DNA-directed RNA polymerase subunit omega+RNA polymerase sigma factor SigA+RNA polymerase-binding protein RbpA+Unknown peptide,M. smegmatis,107+114+1169+1317+17+350+466,X,2.76,Hetero 9-mer,D,B,Protein-Protein,2266.15,1176.38,1089.77,62.17,56.86,67.9,24.48,26.79,22.48,70.08,35.09,36.29
5TW1,JABCDEFT:OP,DNA-directed RNA polymerase subunit alpha+DNA-directed RNA polymerase subunit beta+DNA-directed RNA polymerase subunit beta'+DNA-directed RNA polymerase subunit omega+RNA polymerase sigma factor SigA+RNA polymerase-binding protein RbpA+Unknown peptide,M. smegmatis,107+114+1169+1317+17+350+466,X,2.76,Hetero 9-mer,D,E,Protein-Protein,4149.99,2061.47,2088.52,68.9,67.12,70.65,34.07,29.05,39.39,98.93,46.84,55.37
5TW1,JABCDEFT:OP,DNA-directed RNA polymerase subunit alpha+DNA-directed RNA polymerase subunit beta+DNA-directed RNA polymerase subunit beta'+DNA-directed RNA polymerase subunit omega+RNA polymerase sigma factor SigA+RNA polymerase-binding protein RbpA+Unknown peptide,M. smegmatis,107+114+1169+1317+17+350+466,X,2.76,Hetero 9-mer,D,F,Protein-Protein,4500.31,2257.41,2242.9,59.82,57.64,62.01,25.54,25.0,26.09,71.09,37.4,35.59
5TW1,JABCDEFT:OP,DNA-directed RNA polymerase subunit alpha+DNA-directed RNA polymerase subunit beta+DNA-directed RNA polymerase subunit beta'+DNA-directed RNA polymerase subunit omega+RNA polymerase sigma factor SigA+RNA polymerase-binding protein RbpA+Unknown peptide,M. smegmatis,107+114+1169+1317+17+350+466,X,2.76,Hetero 9-mer,D,B,Protein-Protein,2266.15,1176.38,1089.77,62.17,56.86,67.9,24.48,26.79,22.48,70.08,35.09,36.29
5TW1,JABCDEFT:OP,DNA-directed RNA polymerase subunit alpha+DNA-directed RNA polymerase subunit beta+DNA-directed RNA polymerase subunit beta'+DNA-directed RNA polymerase subunit omega+RNA polymerase sigma factor SigA+RNA polymerase-binding protein RbpA+Unknown peptide,M. smegmatis,107+114+1169+1317+17+350+466,X,2.76,Hetero 9-mer,D,A,Protein-Protein,98.08,47.79,50.29,50.57,9.79,89.32,0.0,0.0,0.0,6.73,3.33,2.4
5VL9,ABCD:EFGH,Regulatory protein TetR,E. lignolyticus,192,X,2.16,Homodimer,A,B,Protein-Protein,2981.14,1478.54,1502.6,66.2,64.71,67.67,37.67,37.75,37.58,83.27,43.43,43.85
5X11,ABCDEFGH:IJMN,Transcriptional regulator,B. spizizenii,188,X,2.65,Homodimer,A,B,Protein-Protein,6854.94,3432.7,3422.24,71.75,71.05,72.45,43.2,42.24,44.13,119.41,60.54,62.61
5X5L,ABEHMN:CDFG,AdeR,A. baumannii,109,X,2.75,Heterodimer,A,E,Protein-Protein,578.01,273.07,304.94,66.3,67.44,65.28,21.67,22.58,20.69,42.6,20.0,23.03
5X5L,ABEHMN:CDFG,AdeR,A. baumannii,109,X,2.75,Heterodimer,A,H,Protein-Protein,689.88,342.75,347.13,44.18,32.54,55.67,23.19,27.27,19.44,53.45,27.15,26.94
5X5L,ABEHMN:CDFG,AdeR,A. baumannii,109,X,2.75,Heterodimer,B,H,Protein-Protein,725.48,346.7,378.78,69.0,70.3,67.82,26.32,28.57,23.53,41.82,21.48,20.59
5X5L,ABEHMN:CDFG,AdeR,A. baumannii,109,X,2.75,Heterodimer,B,E,Protein-Protein,724.4,363.06,361.34,44.92,37.24,52.65,36.36,35.0,37.84,57.92,32.05,27.95
5X5L,ABEHMN:CDFG,AdeR,A. baumannii,109,X,2.75,Heterodimer,E,M,Protein-Protein,22.26,10.57,11.69,0.0,0.0,0.0,0.0,0.0,0.0,1.0,0.0,0.0
5XFQ,ABEF:CD,PHD finger protein 1+Peptide from Histone H3,M. musculus,13+336,X,2.4,Homo 2-mer,A,B,Protein-Protein,1419.81,721.5,698.31,59.3,62.89,55.59,10.07,12.7,7.89,34.82,15.97,19.42
5XSK,AB:DF,Hepatoma-derived growth factor,R. norvegicus,120,X,2.84,Homodimer,A,B,Protein-Protein,5390.27,2690.38,2699.89,68.21,68.55,67.87,45.34,44.16,46.52,109.89,54.88,54.81
5YEJ,ABC:DFG,TetR family transcriptional regulator,M. smegmatis,232,X,2.7,Homodimer,B,C,Protein-Protein,2017.2,1019.9,997.3,72.31,73.91,70.66,33.33,33.02,33.64,81.82,43.19,42.24
5YI2,ABEFIJMN:CGKODPLH,Zinc transport transcriptional regulator,L. lactis subsp. lactis,146,X,2.6,Homodimer,A,B,Protein-Protein,4453.75,2211.48,2242.27,79.26,77.26,81.23,36.92,34.72,39.15,119.64,59.81,59.31
5ZD4,CDAB:GHEF,"Maltose-binding periplasmic protein,Protein BRASSINAZOLE-RESISTANT 1",A. thaliana,453,X,2.17,Homodimer,C,D,Protein-Protein,3120.3,1561.84,1558.46,58.56,58.41,58.72,35.76,34.76,36.84,66.6,34.54,34.18
6C2S,ABCD:UVXY,"Transcriptional regulator, MarR family",R. palustris,186,X,2.85,Homodimer,A,D,Protein-Protein,5076.21,2557.37,2518.84,72.81,72.02,73.61,36.58,36.24,36.89,107.14,51.56,54.84
6C31,ABCDEFGH:IJKL,TetR family transcriptional regulator,M. tuberculosis,214,X,3.0,Homodimer,A,B,Protein-Protein,0.0,0.0,0.0,0.0,0.0,0.0,0.0,0.0,0.0,0.0,0.0,0.0
6C31,ABCDEFGH:IJKL,TetR family transcriptional regulator,M. tuberculosis,214,X,3.0,Homodimer,B,C,Protein-Protein,3051.68,1516.53,1535.15,78.49,78.86,78.13,32.01,30.72,33.33,86.31,45.25,44.45
6C31,ABCDEFGH:IJKL,TetR family transcriptional regulator,M. tuberculosis,214,X,3.0,Homodimer,C,D,Protein-Protein,0.0,0.0,0.0,0.0,0.0,0.0,0.0,0.0,0.0,0.0,0.0,0.0
6CG8,ABDE:CF,UPF0335 protein B7Z12_12435,C. vibrioides,78,X,2.3,Homodimer,A,B,Protein-Protein,2688.12,1343.41,1344.71,77.41,80.21,74.62,34.75,34.71,34.78,67.34,34.18,33.46
6CG8,ABDE:CF,UPF0335 protein B7Z12_12435,C. vibrioides,78,X,2.3,Homodimer,A,D,Protein-Protein,813.84,411.24,402.6,86.11,83.06,89.23,19.23,21.43,16.67,35.28,18.62,16.06
6CG8,ABDE:CF,UPF0335 protein B7Z12_12435,C. vibrioides,78,X,2.3,Homodimer,A,E,Protein-Protein,1704.54,850.55,853.99,67.34,69.85,64.84,16.99,16.46,17.57,51.53,28.23,25.32
6CG8,ABDE:CF,UPF0335 protein B7Z12_12435,C. vibrioides,78,X,2.3,Homodimer,B,D,Protein-Protein,1661.52,821.92,839.6,69.26,70.93,67.62,19.87,19.23,20.51,53.12,27.15,28.1
6CG8,ABDE:CF,UPF0335 protein B7Z12_12435,C. vibrioides,78,X,2.3,Homodimer,B,E,Protein-Protein,918.35,456.21,462.14,83.61,79.22,87.93,18.28,21.74,14.89,42.06,20.61,21.15
6CG8,ABDE:CF,UPF0335 protein B7Z12_12435,C. vibrioides,78,X,2.3,Homodimer,D,E,Protein-Protein,2711.76,1356.18,1355.58,77.41,78.33,76.5,29.61,29.82,29.41,66.77,33.32,34.69
6CHV,ACBDGH:IJEFKL,Antitoxin HigA,P. vulgaris,121,X,2.9,Homodimer,A,C,Protein-Protein,2693.35,1333.01,1360.34,71.81,71.9,71.72,33.46,33.33,33.59,67.07,33.97,35.68
6CRO,A:RU,LAMBDA CRO REPRESSOR,E. phage lambda,60,X,3.0,Homodimer,A,B,Protein-Protein,1332.64,666.31,666.33,68.38,68.38,68.38,34.85,34.85,34.85,68.98,34.3,34.3
6HP7,AB:CD,SPBc2 prophage-derived uncharacterized protein YopK,B. subtilis,386,X,2.2,Homodimer,A,B,Protein-Protein,2720.67,1348.83,1371.84,73.47,74.19,72.76,38.97,39.19,38.73,70.63,37.47,36.41
6IDE,AB:CD,Transcriptional regulator LuxR family,,256,X,2.51,Homodimer,A,B,Protein-Protein,6521.82,3251.47,3270.35,71.74,73.06,70.42,29.66,28.22,31.1,93.85,49.74,47.97
6JBX,AB:CD,Fatty acid biosynthesis transcriptional regulator,S. pneumoniae,152,X,2.2,Homodimer,A,B,Protein-Protein,5140.23,2540.63,2599.6,77.47,81.73,73.3,30.85,34.17,27.39,102.65,51.65,50.83
6JGW,BA:CD,CadR,P. putida,147,X,2.8,Homodimer,A,B,Protein-Protein,3664.93,1833.95,1830.98,66.28,65.72,66.84,45.69,45.66,45.71,90.68,46.64,46.72
6LB3,ABCDEFGH:IJKLMN check the other interfaces,HTH cro/C1-type domain-containing protein,P. aeruginosa,109,X,2.5,Homo 4-mer,A,B,Protein-Protein,2880.12,1453.54,1426.58,72.97,73.81,72.11,34.55,34.07,35.0,68.98,35.78,36.49
6LXN,AB:CD,Transcriptional regulatory protein OmpR,E. coli,113,X,2.93,Homodimer,A,B,Protein-Protein,496.52,265.93,230.59,53.85,51.47,56.6,12.73,12.5,12.9,35.78,19.08,17.16
6MRJ,ABCD:LM check dimer interfaces,Nickel-responsive regulator,H. pylori,148,X,2.8,Homo 4-mer,A,B,Protein-Protein,6165.54,3114.04,3051.5,68.0,68.2,67.8,34.71,32.46,36.81,105.38,47.64,58.9
6MRJ,ABCD:LM check dimer interfaces,Nickel-responsive regulator,H. pylori,148,X,2.8,Homo 4-mer,A,C,Protein-Protein,180.11,90.36,89.75,54.37,56.73,52.0,0.0,0.0,0.0,13.88,6.75,6.89
6MRJ,ABCD:LM check dimer interfaces,Nickel-responsive regulator,H. pylori,148,X,2.8,Homo 4-mer,A,D,Protein-Protein,1852.51,921.92,930.59,55.63,53.97,57.26,43.78,43.88,43.69,84.72,43.59,44.76
6MRJ,ABCD:LM check dimer interfaces,Nickel-responsive regulator,H. pylori,148,X,2.8,Homo 4-mer,B,C,Protein-Protein,1793.73,877.72,916.01,59.03,58.0,60.01,40.64,41.94,39.36,81.26,43.25,40.89
6MRJ,ABCD:LM check dimer interfaces,Nickel-responsive regulator,H. pylori,148,X,2.8,Homo 4-mer,B,D,Protein-Protein,155.59,77.81,77.78,52.61,54.52,50.69,0.0,0.0,0.0,13.75,6.75,6.75
6MRJ,ABCD:LM check dimer interfaces,Nickel-responsive regulator,H. pylori,148,X,2.8,Homo 4-mer,C,D,Protein-Protein,6556.65,3235.77,3320.88,68.79,66.25,71.27,40.38,41.14,39.61,111.56,62.76,51.49
6NSM,AB:CD,TetR family transcriptional regulator CifR,P. aeruginosa,198,X,2.8,Homodimer,A,B,Protein-Protein,3549.39,1768.77,1780.62,64.22,64.22,64.22,45.05,44.13,45.95,87.74,45.01,46.77
6ON0,AB:CN,Gp39,R. N15,71,X,1.6,Homodimer,A,B,Protein-Protein,1389.2,695.78,693.42,64.58,64.9,64.27,50.34,49.33,51.43,88.17,48.03,44.4
6P0S,ABE:CD,DNA-binding protein Fis+Excisionase,E. phage lambda,55+98,X,2.7,FiS Homodimer and Excisionase Monomer,A,B,Protein-Protein,4071.9,2013.06,2058.84,77.51,76.8,78.2,40.36,40.1,40.62,112.65,57.65,57.67
6P1A,ABC:DEFG,Q protein,E. phage 21,162,X,2.84,Homo 2-mer,A,B,Protein-Protein,312.4,181.6,130.8,34.81,29.29,42.48,8.11,5.88,10.0,28.32,15.65,12.6
6Q2B,AB:CD,MarR family transcriptional regulator,L. monocytogenes serovar 1/2a,153,X,2.72,Homodimer,A,B,Protein-Protein,6601.52,3313.29,3288.23,69.64,68.23,71.07,34.84,35.74,33.9,117.84,59.67,58.2
6QFD,ABCD:EFGH,DNA-binding protein,H. salinarum,116,X,2.13,Hetero 2-merHeterodimer,A,B,Protein-Protein,4144.25,2066.91,2077.34,48.02,49.79,46.27,39.37,40.48,38.24,114.91,59.8,57.06
6RYD,ABEF:CDGH,Protein WUSCHEL,A. thaliana,76,X,1.58,Homodimer,E,F,Protein-Protein,370.86,191.47,179.39,76.72,66.31,87.84,17.02,13.04,20.83,42.72,20.96,21.0
6W1A,AB:EF,Transcriptional regulator,S. dysgalactiae,284,X,2.8,Homodimer,A,B,Protein-Protein,5332.48,2636.32,2696.16,66.78,66.97,66.6,23.29,23.53,23.05,83.59,43.98,42.53
6ZA3,AB:EF,"Transcriptional regulator, GntR family",A. fabrum,250,X,2.05,Homodimer,A,B,Protein-Protein,2784.36,1372.48,1411.88,43.92,44.44,43.41,23.28,23.36,23.2,69.86,37.61,33.95
7AMN,BA:EF,HTH-type transcriptional regulator LuxR,V. alginolyticus,221,X,2.3,Homodimer,A,B,Protein-Protein,3817.2,1889.08,1928.12,61.64,61.95,61.33,34.24,34.8,33.66,98.62,52.1,51.54
7B0C,AB:CD,HTH-type transcriptional repressor NsrR,S. coelicolor,161,X,3.0,Homodimer,A,B,Protein-Protein,4176.09,2086.15,2089.94,70.62,70.98,70.26,39.79,39.69,39.9,91.73,47.81,48.62
7BCB,AB:CD,KORA domain-containing protein,E. coli,110,X,2.8,Homodimer,A,B,Protein-Protein,2598.78,1322.06,1276.72,70.94,70.44,71.45,43.08,42.86,43.28,118.08,59.46,59.49
7BHY,ABC:EG,Deoxyribonucleoside regulator,B. subtilis,57,X,2.3,Homodimer,A,B,Protein-Protein,1303.35,645.1,658.25,60.65,63.62,57.74,34.15,37.5,30.51,64.93,33.75,32.75
7BZG,ABEFIJ:CDGHKL,HTH-type transcriptional activator HxlR,B. subtilis,123,X,2.9,Homodimer,A,B,Protein-Protein,3438.69,1705.49,1733.2,76.3,76.18,76.42,44.18,45.18,43.2,98.2,49.01,51.68
7C0G,AB:CD,Aca1,P. phage JBD30,79,X,2.4,Homo 2-mer,A,B,Protein-Protein,1304.64,655.02,649.62,72.4,72.64,72.15,38.58,38.1,39.06,68.66,34.67,35.5
7C9O,ABC:DE,Nuclear transcription factor Y subunit B-11+Nuclear transcription factor Y subunit C-2+Zinc finger protein HD1,O. sativa subsp. japonica,104+67+95,X,2.55,trimer,A,B,Protein-Protein,973.81,490.74,483.07,51.5,49.23,53.82,14.29,12.73,15.79,52.55,27.05,26.74
7C9O,ABC:DE,Nuclear transcription factor Y subunit B-11+Nuclear transcription factor Y subunit C-2+Zinc finger protein HD1,O. sativa subsp. japonica,104+67+95,X,2.55,trimer,A,C,Protein-Protein,1288.2,655.84,632.36,51.56,43.36,60.07,11.19,8.06,13.89,51.72,25.9,27.14
7C9O,ABC:DE,Nuclear transcription factor Y subunit B-11+Nuclear transcription factor Y subunit C-2+Zinc finger protein HD1,O. sativa subsp. japonica,104+67+95,X,2.55,trimer,B,C,Protein-Protein,4679.63,2323.17,2356.46,72.16,70.79,73.5,47.64,47.75,47.53,102.67,51.73,55.0
7DVV,AB:LM,HTH marR-type domain-containing protein,S. agalactiae serotype III,153,X,2.49,Homodimer,A,B,Protein-Protein,3753.18,1851.48,1901.7,74.51,74.16,74.84,14.99,16.38,13.53,73.13,38.33,36.14
7EL3,AB:CD,Homoprotocatechuate degradation operon regulator HpaR,A. baumannii,141,X,1.7,Homodimer,A,B,Protein-Protein,4540.73,2275.94,2264.79,74.13,73.5,74.77,40.98,42.92,39.13,122.26,59.43,60.33
7EOF,BA:CD,Coiled-coil domain-containing protein 25,H. sapiens,204,X,2.73,Homo 2-mer,A,B,Protein-Protein,1855.48,931.92,923.56,61.17,61.61,60.72,19.46,21.28,17.58,50.92,26.23,25.8
7F2F,AB:EH,Serine-rich protein TYE7,S. cerevisiae,136,X,2.55,Homodimer,A,B,Protein-Protein,3119.04,1581.31,1537.73,75.79,76.98,74.56,37.64,38.24,37.04,69.3,35.9,36.33
7F9H,AB:CD,EnrR repressor,E. piscicida,90,X,1.78,Monomer,A,B,Protein-Protein,273.43,135.84,137.59,44.7,44.04,45.34,15.15,17.65,12.5,31.64,15.88,15.0
7JNP,AB:CD,HTH-type transcriptional regulator MtrR,N. gonorrhoeae,213,X,2.6,Homodimer,A,B,Protein-Protein,3461.14,1737.05,1724.09,63.7,62.73,64.68,41.8,42.55,41.01,96.75,52.71,48.26
7PZA,AB:CDEF,Putative cAMP-binding protein-catabolite gene activator,R. meliloti,244,X,2.72,Homodimer,A,B,Protein-Protein,3806.82,1908.63,1898.19,73.22,73.28,73.17,32.13,32.42,31.84,84.07,43.57,42.92
7T8K,AB:CD,BrxR,A. sp. NEB 394,291,X,2.3,Homodimer,A,B,Protein-Protein,8071.26,4033.36,4037.9,63.57,64.58,62.55,33.38,34.09,32.65,92.93,49.84,47.73
7V6W,FBCAEMLIKNDJ:GHPO,Antitoxin+Putative mRNA interferase YoeB,S. aureus,85+89,X,2.55,Homodimer,A,B,Protein-Protein,2797.84,1401.59,1396.25,71.46,71.72,71.2,42.31,43.36,41.26,89.08,46.81,44.41
7V6W,FBCAEMLIKNDJ:GHPO,Antitoxin+Putative mRNA interferase YoeB,S. aureus,85+89,X,2.55,Homodimer,C,D,Protein-Protein,2799.62,1399.34,1400.28,71.55,73.27,69.83,41.76,41.91,41.61,84.42,43.6,42.54
7VJQ,AB:CD,anti-CRISPR-associated protein Aca2,P. phage ZF40,121,X,2.79,Homodimer,A,B,Protein-Protein,2306.24,1154.02,1152.22,66.71,66.7,66.72,39.02,40.32,37.7,82.76,43.92,42.9
7VP1,AB:CD,Transcription factor TCP10,A. thaliana,107,X,2.9,Homo 2-mer,A,B,Protein-Protein,3906.15,1921.77,1984.38,65.69,66.57,64.84,28.61,29.9,27.22,108.01,57.01,54.72
7X5G,ABEF:CDGH,Nuclear factor erythroid 2-related factor 2+Transcription factor MafG,H. sapiens,104+113,X,2.3,Heterodimer,A,B,Protein-Protein,2136.29,1071.74,1064.55,75.7,70.46,80.98,30.69,28.71,32.95,59.32,31.68,29.64
7XQ5,AB:CD,Protein INO2+Protein INO4,S. cerevisiae,73+75,X,2.25,Heterodimer,A,B,Protein-Protein,2548.66,1268.44,1280.22,77.42,77.28,77.57,39.92,38.46,41.32,73.04,38.41,37.59
7ZG5,ABCD:EF,Acetyltransferase+DUF1778 domain-containing protein,S. typhimurium,176+94,X,2.0,Homodimer,C,D,Protein-Protein,155.1,78.65,76.45,49.85,39.33,60.67,0.0,0.0,0.0,11.36,5.67,4.8
8B4B,WXYZ:LM,Cholera toxin transcriptional activator,V. cholerae serotype O1,110,X,1.75,Monomer tandem repeat,W,X,Protein-Protein,520.86,262.14,258.72,43.4,47.06,39.69,6.56,11.76,0.0,40.95,21.35,20.07
8B4B,WXYZ:LM,Cholera toxin transcriptional activator,V. cholerae serotype O1,110,X,1.75,Monomer tandem repeat,Y,Z,Protein-Protein,600.39,278.4,321.99,46.68,54.66,39.78,1.56,0.0,3.23,35.62,19.03,17.48
8EJO,AB:CD,Homeobox domain-containing protein,O. anatinus,71,X,2.67,Homodimer,A,B,Protein-Protein,664.38,331.32,333.06,50.11,47.55,52.66,14.71,15.15,14.29,37.12,18.06,19.14
8HML,AB:DC,DNA-binding response OmpR family regulator,S. erythraea,143,X,2.95,Monomer tandem repeat,A,B,Protein-Protein,469.22,234.28,234.94,66.14,69.05,63.23,25.45,26.67,24.0,39.67,21.67,18.32
8J0K,AB:CD,Transcription factor AP-2-alpha,H. sapiens,219,X,2.1,Homodimer,A,B,Protein-Protein,5937.59,2982.02,2955.57,80.45,79.23,81.67,53.62,54.74,52.52,93.5,49.35,48.99
8K4L,A:C,Nuclear respiratory factor 1,H. sapiens,109,X,2.3,Homodimer,A,B,Protein-Protein,4780.71,2360.68,2420.03,69.43,70.53,68.35,44.57,42.49,46.7,104.15,51.1,56.78
8K86,AB:CD,Nuclear factor interleukin-3-regulated protein,H. sapiens,73,X,2.06,Homodimer,A,B,Protein-Protein,1716.61,861.43,855.18,78.7,79.39,78.01,32.89,32.0,33.78,57.14,28.43,30.49
8PW0,A:B,"Iron dependent repressor, putative",D. radiodurans,148,X,2.2,Homodimer,A,B,Protein-Protein,1631.56,804.23,827.33,55.08,70.97,39.63,26.06,22.22,29.03,77.5,38.44,41.14
8UVK,AB:CD,DNA-binding response regulator,,224,X,2.21,Homodimer,A,B,Protein-Protein,2428.42,1210.49,1217.93,47.87,47.87,47.87,26.4,26.4,26.4,64.11,33.71,32.98
8YEY,CA:DB,Activating signal cointegrator 1,H. sapiens,148,X,2.0,Monomer,A,C,Protein-Protein,1282.07,640.11,641.96,54.95,54.61,55.28,22.96,22.86,23.08,66.24,35.37,33.2
2K1N,ABCD:EF,AbrB family transcriptional regulator,B. subtilis,55,N,,Homodimer,A,B,Protein-Protein,4204.61,2053.54,2151.07,39.92,41.21,38.69,39.81,41.87,37.8,127.29,66.84,60.08
1C9S,ABCDEFGHIJKLMNOPQRSTUV:,TRP RNA-BINDING ATTENUATION PROTEIN,G. stearothermophilus,74,X,1.9,Homo 11-mer,L,W,Protein-Protein,1050.02,501.97,548.05,43.91,55.77,33.05,34.43,38.98,30.16,74.57,37.32,38.7
4GHA,ACEG:IJ,Polymerase cofactor VP35,O. marburgense,146,N,,Homo 4-mer,A,G,Protein-Protein,722.23,346.84,375.39,68.93,69.15,68.73,13.16,15.38,10.81,48.66,25.85,23.57
4GHA,ACEG:IJ,Polymerase cofactor VP35,O. marburgense,146,N,,Homo 4-mer,A,C,Protein-Protein,242.17,119.81,122.36,31.09,39.49,22.88,3.57,0.0,6.25,25.5,10.0,14.88
4GHA,ACEG:IJ,Polymerase cofactor VP35,O. marburgense,146,N,,Homo 4-mer,C,E,Protein-Protein,720.29,373.57,346.72,69.28,69.04,69.55,14.47,10.81,17.95,49.05,23.51,26.36
4GHA,ACEG:IJ,Polymerase cofactor VP35,O. marburgense,146,N,,Homo 4-mer,E,G,Protein-Protein,650.37,338.64,311.73,70.3,69.55,71.12,16.67,15.15,17.95,44.28,20.61,25.13
5M3H,ABCXY:RV,Polymerase acidic protein+Polymerase basic protein 2+RNA-directed RNA polymerase catalytic subunit+TYR-SER-PRO-THR-SEP-PRO,H. sapiens,28+728+776+797,X,2.5,Hetero 5-mer,A,B,Protein-Protein,6542.04,3417.73,3124.31,64.52,70.63,57.83,39.72,39.3,40.06,86.57,41.66,47.26
5M3H,ABCXY:RV,Polymerase acidic protein+Polymerase basic protein 2+RNA-directed RNA polymerase catalytic subunit+TYR-SER-PRO-THR-SEP-PRO,H. sapiens,28+728+776+797,X,2.5,Hetero 5-mer,A,C,Protein-Protein,594.71,294.77,299.94,49.35,45.37,53.27,31.88,34.21,29.03,50.61,29.89,22.13
5M3H,ABCXY:RV,Polymerase acidic protein+Polymerase basic protein 2+RNA-directed RNA polymerase catalytic subunit+TYR-SER-PRO-THR-SEP-PRO,H. sapiens,28+728+776+797,X,2.5,Hetero 5-mer,B,C,Protein-Protein,3524.29,1769.72,1754.57,63.97,60.02,67.95,31.31,32.09,30.28,71.5,40.29,35.07
6FHI,ABCX:RV,Polymerase acidic protein+Polymerase basic protein 2+RNA-directed RNA polymerase catalytic subunit+TYR-SER-PRO-THR-SEP-PRO,"H. sapiens,Influenza A virus",738+776+809+19,N,,Hetero 4-mer,A,B,Protein-Protein,6515.04,3419.34,3095.7,64.5,70.86,57.46,40.47,38.49,42.09,87.86,42.81,47.75
6FHI,ABCX:RV,Polymerase acidic protein+Polymerase basic protein 2+RNA-directed RNA polymerase catalytic subunit+TYR-SER-PRO-THR-SEP-PRO,"H. sapiens,Influenza A virus",738+776+809+19,N,,Hetero 4-mer,A,C,Protein-Protein,607.02,306.21,300.81,48.68,48.39,48.98,31.51,31.82,31.03,53.1,32.68,20.48
6FHI,ABCX:RV,Polymerase acidic protein+Polymerase basic protein 2+RNA-directed RNA polymerase catalytic subunit+TYR-SER-PRO-THR-SEP-PRO,"H. sapiens,Influenza A virus",738+776+809+19,N,,Hetero 4-mer,B,C,Protein-Protein,2978.7,1551.0,1427.7,61.42,61.44,61.39,25.25,25.56,24.79,63.88,38.06,28.71
5XOG,ABCDEFGHIJKLMW:TN,"DNA-directed RNA polymerase subunit+DNA-directed RNA polymerase subunit+DNA-directed RNA polymerase subunit beta+RNA polymerase II subunit+RNA polymerase II subunit B12.5+RNA polymerase II subunit B32+RNA polymerase II third largest subunit B44, part of central core+RNA polymerase subunit ABC10-alpha+RNA polymerase subunit ABC14.5, common to RNA polymerases I, II, and III+RNA polymerase subunit ABC23, common to RNA polymerases I, II, and III+RNA polymerase subunit ABC27, common to RNA polymerases I, II, and III+Spt4/5 complex component+Transcription elongation factor 1 homolog",K. phaffii ,115+118+1227+145+155+171+1743+186+214+304+72+83+85,X,3.0,Hetero 14-mer,A,B,Protein-Protein,19399.43,9574.7,9824.73,62.21,64.18,60.3,42.23,42.09,42.37,111.24,55.13,61.72
5XOG,ABCDEFGHIJKLMW:TN,"DNA-directed RNA polymerase subunit+DNA-directed RNA polymerase subunit+DNA-directed RNA polymerase subunit beta+RNA polymerase II subunit+RNA polymerase II subunit B12.5+RNA polymerase II subunit B32+RNA polymerase II third largest subunit B44, part of central core+RNA polymerase subunit ABC10-alpha+RNA polymerase subunit ABC14.5, common to RNA polymerases I, II, and III+RNA polymerase subunit ABC23, common to RNA polymerases I, II, and III+RNA polymerase subunit ABC27, common to RNA polymerases I, II, and III+Spt4/5 complex component+Transcription elongation factor 1 homolog",K. phaffii ,115+118+1227+145+155+171+1743+186+214+304+72+83+85,X,3.0,Hetero 14-mer,A,C,Protein-Protein,469.42,233.16,236.26,66.29,74.77,57.93,12.77,20.83,4.35,40.64,20.25,21.13
5XOG,ABCDEFGHIJKLMW:TN,"DNA-directed RNA polymerase subunit+DNA-directed RNA polymerase subunit+DNA-directed RNA polymerase subunit beta+RNA polymerase II subunit+RNA polymerase II subunit B12.5+RNA polymerase II subunit B32+RNA polymerase II third largest subunit B44, part of central core+RNA polymerase subunit ABC10-alpha+RNA polymerase subunit ABC14.5, common to RNA polymerases I, II, and III+RNA polymerase subunit ABC23, common to RNA polymerases I, II, and III+RNA polymerase subunit ABC27, common to RNA polymerases I, II, and III+Spt4/5 complex component+Transcription elongation factor 1 homolog",K. phaffii ,115+118+1227+145+155+171+1743+186+214+304+72+83+85,X,3.0,Hetero 14-mer,A,D,Protein-Protein,618.92,311.59,307.33,39.48,36.7,42.3,7.46,7.69,7.14,38.57,20.05,19.14
5XOG,ABCDEFGHIJKLMW:TN,"DNA-directed RNA polymerase subunit+DNA-directed RNA polymerase subunit+DNA-directed RNA polymerase subunit beta+RNA polymerase II subunit+RNA polymerase II subunit B12.5+RNA polymerase II subunit B32+RNA polymerase II third largest subunit B44, part of central core+RNA polymerase subunit ABC10-alpha+RNA polymerase subunit ABC14.5, common to RNA polymerases I, II, and III+RNA polymerase subunit ABC23, common to RNA polymerases I, II, and III+RNA polymerase subunit ABC27, common to RNA polymerases I, II, and III+Spt4/5 complex component+Transcription elongation factor 1 homolog",K. phaffii ,115+118+1227+145+155+171+1743+186+214+304+72+83+85,X,3.0,Hetero 14-mer,A,E,Protein-Protein,4275.7,2098.94,2176.76,58.65,63.89,53.59,35.12,34.87,35.41,102.88,51.33,55.97
5XOG,ABCDEFGHIJKLMW:TN,"DNA-directed RNA polymerase subunit+DNA-directed RNA polymerase subunit+DNA-directed RNA polymerase subunit beta+RNA polymerase II subunit+RNA polymerase II subunit B12.5+RNA polymerase II subunit B32+RNA polymerase II third largest subunit B44, part of central core+RNA polymerase subunit ABC10-alpha+RNA polymerase subunit ABC14.5, common to RNA polymerases I, II, and III+RNA polymerase subunit ABC23, common to RNA polymerases I, II, and III+RNA polymerase subunit ABC27, common to RNA polymerases I, II, and III+Spt4/5 complex component+Transcription elongation factor 1 homolog",K. phaffii ,115+118+1227+145+155+171+1743+186+214+304+72+83+85,X,3.0,Hetero 14-mer,A,F,Protein-Protein,3849.98,1962.16,1887.82,69.67,69.49,69.87,32.01,27.5,36.45,91.5,41.48,53.06
5XOG,ABCDEFGHIJKLMW:TN,"DNA-directed RNA polymerase subunit+DNA-directed RNA polymerase subunit+DNA-directed RNA polymerase subunit beta+RNA polymerase II subunit+RNA polymerase II subunit B12.5+RNA polymerase II subunit B32+RNA polymerase II third largest subunit B44, part of central core+RNA polymerase subunit ABC10-alpha+RNA polymerase subunit ABC14.5, common to RNA polymerases I, II, and III+RNA polymerase subunit ABC23, common to RNA polymerases I, II, and III+RNA polymerase subunit ABC27, common to RNA polymerases I, II, and III+Spt4/5 complex component+Transcription elongation factor 1 homolog",K. phaffii ,115+118+1227+145+155+171+1743+186+214+304+72+83+85,X,3.0,Hetero 14-mer,A,G,Protein-Protein,1441.24,745.37,695.87,75.06,72.27,78.04,28.57,22.22,33.71,70.65,26.81,46.31
5XOG,ABCDEFGHIJKLMW:TN,"DNA-directed RNA polymerase subunit+DNA-directed RNA polymerase subunit+DNA-directed RNA polymerase subunit beta+RNA polymerase II subunit+RNA polymerase II subunit B12.5+RNA polymerase II subunit B32+RNA polymerase II third largest subunit B44, part of central core+RNA polymerase subunit ABC10-alpha+RNA polymerase subunit ABC14.5, common to RNA polymerases I, II, and III+RNA polymerase subunit ABC23, common to RNA polymerases I, II, and III+RNA polymerase subunit ABC27, common to RNA polymerases I, II, and III+Spt4/5 complex component+Transcription elongation factor 1 homolog",K. phaffii ,115+118+1227+145+155+171+1743+186+214+304+72+83+85,X,3.0,Hetero 14-mer,A,H,Protein-Protein,2649.9,1296.01,1353.89,67.94,71.97,64.08,46.76,45.04,48.3,89.56,45.82,48.19
5XOG,ABCDEFGHIJKLMW:TN,"DNA-directed RNA polymerase subunit+DNA-directed RNA polymerase subunit+DNA-directed RNA polymerase subunit beta+RNA polymerase II subunit+RNA polymerase II subunit B12.5+RNA polymerase II subunit B32+RNA polymerase II third largest subunit B44, part of central core+RNA polymerase subunit ABC10-alpha+RNA polymerase subunit ABC14.5, common to RNA polymerases I, II, and III+RNA polymerase subunit ABC23, common to RNA polymerases I, II, and III+RNA polymerase subunit ABC27, common to RNA polymerases I, II, and III+Spt4/5 complex component+Transcription elongation factor 1 homolog",K. phaffii ,115+118+1227+145+155+171+1743+186+214+304+72+83+85,X,3.0,Hetero 14-mer,A,I,Protein-Protein,3102.09,1555.24,1546.85,58.84,54.58,63.13,32.51,35.8,29.19,75.49,38.9,39.39
5XOG,ABCDEFGHIJKLMW:TN,"DNA-directed RNA polymerase subunit+DNA-directed RNA polymerase subunit+DNA-directed RNA polymerase subunit beta+RNA polymerase II subunit+RNA polymerase II subunit B12.5+RNA polymerase II subunit B32+RNA polymerase II third largest subunit B44, part of central core+RNA polymerase subunit ABC10-alpha+RNA polymerase subunit ABC14.5, common to RNA polymerases I, II, and III+RNA polymerase subunit ABC23, common to RNA polymerases I, II, and III+RNA polymerase subunit ABC27, common to RNA polymerases I, II, and III+Spt4/5 complex component+Transcription elongation factor 1 homolog",K. phaffii ,115+118+1227+145+155+171+1743+186+214+304+72+83+85,X,3.0,Hetero 14-mer,A,K,Protein-Protein,1709.33,861.65,847.68,64.17,63.76,64.58,31.76,32.63,30.67,64.33,36.69,29.04
5XOG,ABCDEFGHIJKLMW:TN,"DNA-directed RNA polymerase subunit+DNA-directed RNA polymerase subunit+DNA-directed RNA polymerase subunit beta+RNA polymerase II subunit+RNA polymerase II subunit B12.5+RNA polymerase II subunit B32+RNA polymerase II third largest subunit B44, part of central core+RNA polymerase subunit ABC10-alpha+RNA polymerase subunit ABC14.5, common to RNA polymerases I, II, and III+RNA polymerase subunit ABC23, common to RNA polymerases I, II, and III+RNA polymerase subunit ABC27, common to RNA polymerases I, II, and III+Spt4/5 complex component+Transcription elongation factor 1 homolog",K. phaffii ,115+118+1227+145+155+171+1743+186+214+304+72+83+85,X,3.0,Hetero 14-mer,A,M,Protein-Protein,189.02,104.21,84.81,42.73,23.45,66.42,0.0,0.0,0.0,21.22,8.0,12.86
5XOG,ABCDEFGHIJKLMW:TN,"DNA-directed RNA polymerase subunit+DNA-directed RNA polymerase subunit+DNA-directed RNA polymerase subunit beta+RNA polymerase II subunit+RNA polymerase II subunit B12.5+RNA polymerase II subunit B32+RNA polymerase II third largest subunit B44, part of central core+RNA polymerase subunit ABC10-alpha+RNA polymerase subunit ABC14.5, common to RNA polymerases I, II, and III+RNA polymerase subunit ABC23, common to RNA polymerases I, II, and III+RNA polymerase subunit ABC27, common to RNA polymerases I, II, and III+Spt4/5 complex component+Transcription elongation factor 1 homolog",K. phaffii ,115+118+1227+145+155+171+1743+186+214+304+72+83+85,X,3.0,Hetero 14-mer,A,W,Protein-Protein,451.46,229.9,221.56,38.4,41.86,34.8,12.0,8.33,15.38,33.96,15.0,20.54
5XOG,ABCDEFGHIJKLMW:TN,"DNA-directed RNA polymerase subunit+DNA-directed RNA polymerase subunit+DNA-directed RNA polymerase subunit beta+RNA polymerase II subunit+RNA polymerase II subunit B12.5+RNA polymerase II subunit B32+RNA polymerase II third largest subunit B44, part of central core+RNA polymerase subunit ABC10-alpha+RNA polymerase subunit ABC14.5, common to RNA polymerases I, II, and III+RNA polymerase subunit ABC23, common to RNA polymerases I, II, and III+RNA polymerase subunit ABC27, common to RNA polymerases I, II, and III+Spt4/5 complex component+Transcription elongation factor 1 homolog",K. phaffii ,115+118+1227+145+155+171+1743+186+214+304+72+83+85,X,3.0,Hetero 14-mer,B,C,Protein-Protein,1313.88,677.54,636.34,54.5,47.13,62.34,26.58,26.32,26.98,51.53,26.93,27.17
5XOG,ABCDEFGHIJKLMW:TN,"DNA-directed RNA polymerase subunit+DNA-directed RNA polymerase subunit+DNA-directed RNA polymerase subunit beta+RNA polymerase II subunit+RNA polymerase II subunit B12.5+RNA polymerase II subunit B32+RNA polymerase II third largest subunit B44, part of central core+RNA polymerase subunit ABC10-alpha+RNA polymerase subunit ABC14.5, common to RNA polymerases I, II, and III+RNA polymerase subunit ABC23, common to RNA polymerases I, II, and III+RNA polymerase subunit ABC27, common to RNA polymerases I, II, and III+Spt4/5 complex component+Transcription elongation factor 1 homolog",K. phaffii ,115+118+1227+145+155+171+1743+186+214+304+72+83+85,X,3.0,Hetero 14-mer,B,D,Protein-Protein,564.78,271.6,293.18,49.07,52.22,46.16,12.5,18.18,6.45,46.31,23.21,23.94
5XOG,ABCDEFGHIJKLMW:TN,"DNA-directed RNA polymerase subunit+DNA-directed RNA polymerase subunit+DNA-directed RNA polymerase subunit beta+RNA polymerase II subunit+RNA polymerase II subunit B12.5+RNA polymerase II subunit B32+RNA polymerase II third largest subunit B44, part of central core+RNA polymerase subunit ABC10-alpha+RNA polymerase subunit ABC14.5, common to RNA polymerases I, II, and III+RNA polymerase subunit ABC23, common to RNA polymerases I, II, and III+RNA polymerase subunit ABC27, common to RNA polymerases I, II, and III+Spt4/5 complex component+Transcription elongation factor 1 homolog",K. phaffii ,115+118+1227+145+155+171+1743+186+214+304+72+83+85,X,3.0,Hetero 14-mer,B,F,Protein-Protein,98.18,45.62,52.56,55.75,32.75,75.72,0.0,0.0,0.0,9.0,4.0,4.0
5XOG,ABCDEFGHIJKLMW:TN,"DNA-directed RNA polymerase subunit+DNA-directed RNA polymerase subunit+DNA-directed RNA polymerase subunit beta+RNA polymerase II subunit+RNA polymerase II subunit B12.5+RNA polymerase II subunit B32+RNA polymerase II third largest subunit B44, part of central core+RNA polymerase subunit ABC10-alpha+RNA polymerase subunit ABC14.5, common to RNA polymerases I, II, and III+RNA polymerase subunit ABC23, common to RNA polymerases I, II, and III+RNA polymerase subunit ABC27, common to RNA polymerases I, II, and III+Spt4/5 complex component+Transcription elongation factor 1 homolog",K. phaffii ,115+118+1227+145+155+171+1743+186+214+304+72+83+85,X,3.0,Hetero 14-mer,B,G,Protein-Protein,71.73,36.6,35.13,54.94,50.57,59.49,0.0,0.0,0.0,5.17,1.6,2.57
5XOG,ABCDEFGHIJKLMW:TN,"DNA-directed RNA polymerase subunit+DNA-directed RNA polymerase subunit+DNA-directed RNA polymerase subunit beta+RNA polymerase II subunit+RNA polymerase II subunit B12.5+RNA polymerase II subunit B32+RNA polymerase II third largest subunit B44, part of central core+RNA polymerase subunit ABC10-alpha+RNA polymerase subunit ABC14.5, common to RNA polymerases I, II, and III+RNA polymerase subunit ABC23, common to RNA polymerases I, II, and III+RNA polymerase subunit ABC27, common to RNA polymerases I, II, and III+Spt4/5 complex component+Transcription elongation factor 1 homolog",K. phaffii ,115+118+1227+145+155+171+1743+186+214+304+72+83+85,X,3.0,Hetero 14-mer,B,H,Protein-Protein,13.34,6.68,6.66,34.93,32.19,37.69,0.0,0.0,0.0,3.0,1.0,1.0
5XOG,ABCDEFGHIJKLMW:TN,"DNA-directed RNA polymerase subunit+DNA-directed RNA polymerase subunit+DNA-directed RNA polymerase subunit beta+RNA polymerase II subunit+RNA polymerase II subunit B12.5+RNA polymerase II subunit B32+RNA polymerase II third largest subunit B44, part of central core+RNA polymerase subunit ABC10-alpha+RNA polymerase subunit ABC14.5, common to RNA polymerases I, II, and III+RNA polymerase subunit ABC23, common to RNA polymerases I, II, and III+RNA polymerase subunit ABC27, common to RNA polymerases I, II, and III+Spt4/5 complex component+Transcription elongation factor 1 homolog",K. phaffii ,115+118+1227+145+155+171+1743+186+214+304+72+83+85,X,3.0,Hetero 14-mer,B,I,Protein-Protein,3017.81,1545.08,1472.73,55.84,54.53,57.22,17.68,12.99,21.84,64.48,29.18,38.64
5XOG,ABCDEFGHIJKLMW:TN,"DNA-directed RNA polymerase subunit+DNA-directed RNA polymerase subunit+DNA-directed RNA polymerase subunit beta+RNA polymerase II subunit+RNA polymerase II subunit B12.5+RNA polymerase II subunit B32+RNA polymerase II third largest subunit B44, part of central core+RNA polymerase subunit ABC10-alpha+RNA polymerase subunit ABC14.5, common to RNA polymerases I, II, and III+RNA polymerase subunit ABC23, common to RNA polymerases I, II, and III+RNA polymerase subunit ABC27, common to RNA polymerases I, II, and III+Spt4/5 complex component+Transcription elongation factor 1 homolog",K. phaffii ,115+118+1227+145+155+171+1743+186+214+304+72+83+85,X,3.0,Hetero 14-mer,B,J,Protein-Protein,2242.38,1053.28,1189.1,69.56,66.8,72.01,51.15,51.82,50.0,69.86,39.87,32.33
5XOG,ABCDEFGHIJKLMW:TN,"DNA-directed RNA polymerase subunit+DNA-directed RNA polymerase subunit+DNA-directed RNA polymerase subunit beta+RNA polymerase II subunit+RNA polymerase II subunit B12.5+RNA polymerase II subunit B32+RNA polymerase II third largest subunit B44, part of central core+RNA polymerase subunit ABC10-alpha+RNA polymerase subunit ABC14.5, common to RNA polymerases I, II, and III+RNA polymerase subunit ABC23, common to RNA polymerases I, II, and III+RNA polymerase subunit ABC27, common to RNA polymerases I, II, and III+Spt4/5 complex component+Transcription elongation factor 1 homolog",K. phaffii ,115+118+1227+145+155+171+1743+186+214+304+72+83+85,X,3.0,Hetero 14-mer,B,K,Protein-Protein,753.6,366.82,386.78,61.53,52.63,69.97,8.22,6.98,10.0,28.63,17.21,12.4
5XOG,ABCDEFGHIJKLMW:TN,"DNA-directed RNA polymerase subunit+DNA-directed RNA polymerase subunit+DNA-directed RNA polymerase subunit beta+RNA polymerase II subunit+RNA polymerase II subunit B12.5+RNA polymerase II subunit B32+RNA polymerase II third largest subunit B44, part of central core+RNA polymerase subunit ABC10-alpha+RNA polymerase subunit ABC14.5, common to RNA polymerases I, II, and III+RNA polymerase subunit ABC23, common to RNA polymerases I, II, and III+RNA polymerase subunit ABC27, common to RNA polymerases I, II, and III+Spt4/5 complex component+Transcription elongation factor 1 homolog",K. phaffii ,115+118+1227+145+155+171+1743+186+214+304+72+83+85,X,3.0,Hetero 14-mer,B,L,Protein-Protein,1950.99,905.72,1045.27,59.93,57.41,62.12,30.16,33.33,26.19,66.67,35.87,33.71
5XOG,ABCDEFGHIJKLMW:TN,"DNA-directed RNA polymerase subunit+DNA-directed RNA polymerase subunit+DNA-directed RNA polymerase subunit beta+RNA polymerase II subunit+RNA polymerase II subunit B12.5+RNA polymerase II subunit B32+RNA polymerase II third largest subunit B44, part of central core+RNA polymerase subunit ABC10-alpha+RNA polymerase subunit ABC14.5, common to RNA polymerases I, II, and III+RNA polymerase subunit ABC23, common to RNA polymerases I, II, and III+RNA polymerase subunit ABC27, common to RNA polymerases I, II, and III+Spt4/5 complex component+Transcription elongation factor 1 homolog",K. phaffii ,115+118+1227+145+155+171+1743+186+214+304+72+83+85,X,3.0,Hetero 14-mer,B,M,Protein-Protein,1021.08,499.85,521.23,60.8,62.42,59.25,19.81,22.81,16.33,56.51,30.46,27.76
5XOG,ABCDEFGHIJKLMW:TN,"DNA-directed RNA polymerase subunit+DNA-directed RNA polymerase subunit+DNA-directed RNA polymerase subunit beta+RNA polymerase II subunit+RNA polymerase II subunit B12.5+RNA polymerase II subunit B32+RNA polymerase II third largest subunit B44, part of central core+RNA polymerase subunit ABC10-alpha+RNA polymerase subunit ABC14.5, common to RNA polymerases I, II, and III+RNA polymerase subunit ABC23, common to RNA polymerases I, II, and III+RNA polymerase subunit ABC27, common to RNA polymerases I, II, and III+Spt4/5 complex component+Transcription elongation factor 1 homolog",K. phaffii ,115+118+1227+145+155+171+1743+186+214+304+72+83+85,X,3.0,Hetero 14-mer,B,W,Protein-Protein,730.45,358.24,372.21,47.95,53.32,42.78,18.57,22.22,14.71,50.69,26.78,25.18
5XOG,ABCDEFGHIJKLMW:TN,"DNA-directed RNA polymerase subunit+DNA-directed RNA polymerase subunit+DNA-directed RNA polymerase subunit beta+RNA polymerase II subunit+RNA polymerase II subunit B12.5+RNA polymerase II subunit B32+RNA polymerase II third largest subunit B44, part of central core+RNA polymerase subunit ABC10-alpha+RNA polymerase subunit ABC14.5, common to RNA polymerases I, II, and III+RNA polymerase subunit ABC23, common to RNA polymerases I, II, and III+RNA polymerase subunit ABC27, common to RNA polymerases I, II, and III+Spt4/5 complex component+Transcription elongation factor 1 homolog",K. phaffii ,115+118+1227+145+155+171+1743+186+214+304+72+83+85,X,3.0,Hetero 14-mer,E,F,Protein-Protein,184.44,102.76,81.68,57.25,42.38,75.95,4.55,0.0,6.67,20.64,5.71,14.0
5ZX2,ABCDEF:GH,DNA-directed RNA polymerase subunit alpha+DNA-directed RNA polymerase subunit beta+DNA-directed RNA polymerase subunit beta'+DNA-directed RNA polymerase subunit omega+ECF RNA polymerase sigma factor SigH,M. tuberculosis ,110+1174+1317+218+368,X,2.8,Hetero 6-mer,A,C,Protein-Protein,3851.05,1958.69,1892.36,53.82,56.11,51.46,28.61,28.06,29.15,72.23,39.21,36.44
5ZX2,ABCDEF:GH,DNA-directed RNA polymerase subunit alpha+DNA-directed RNA polymerase subunit beta+DNA-directed RNA polymerase subunit beta'+DNA-directed RNA polymerase subunit omega+ECF RNA polymerase sigma factor SigH,M. tuberculosis ,110+1174+1317+218+368,X,2.8,Hetero 6-mer,A,D,Protein-Protein,175.83,84.11,91.72,33.64,53.61,15.33,0.0,0.0,0.0,12.38,7.2,4.91
5ZX2,ABCDEF:GH,DNA-directed RNA polymerase subunit alpha+DNA-directed RNA polymerase subunit beta+DNA-directed RNA polymerase subunit beta'+DNA-directed RNA polymerase subunit omega+ECF RNA polymerase sigma factor SigH,M. tuberculosis ,110+1174+1317+218+368,X,2.8,Hetero 6-mer,A,B,Protein-Protein,3863.37,1977.94,1885.43,71.76,68.75,74.92,34.95,35.56,34.38,101.8,51.24,51.47
5ZX2,ABCDEF:GH,DNA-directed RNA polymerase subunit alpha+DNA-directed RNA polymerase subunit beta+DNA-directed RNA polymerase subunit beta'+DNA-directed RNA polymerase subunit omega+ECF RNA polymerase sigma factor SigH,M. tuberculosis ,110+1174+1317+218+368,X,2.8,Hetero 6-mer,C,D,Protein-Protein,17250.97,8777.85,8473.12,65.26,65.97,64.53,39.29,39.67,38.92,107.19,59.45,52.07
5ZX2,ABCDEF:GH,DNA-directed RNA polymerase subunit alpha+DNA-directed RNA polymerase subunit beta+DNA-directed RNA polymerase subunit beta'+DNA-directed RNA polymerase subunit omega+ECF RNA polymerase sigma factor SigH,M. tuberculosis ,110+1174+1317+218+368,X,2.8,Hetero 6-mer,C,F,Protein-Protein,3777.44,1836.38,1941.06,68.36,67.8,68.89,25.44,25.12,25.79,68.74,35.16,35.42
5ZX2,ABCDEF:GH,DNA-directed RNA polymerase subunit alpha+DNA-directed RNA polymerase subunit beta+DNA-directed RNA polymerase subunit beta'+DNA-directed RNA polymerase subunit omega+ECF RNA polymerase sigma factor SigH,M. tuberculosis ,110+1174+1317+218+368,X,2.8,Hetero 6-mer,C,E,Protein-Protein,526.37,267.36,259.01,35.72,33.4,38.11,5.26,6.45,3.85,32.28,17.61,15.23
5ZX2,ABCDEF:GH,DNA-directed RNA polymerase subunit alpha+DNA-directed RNA polymerase subunit beta+DNA-directed RNA polymerase subunit beta'+DNA-directed RNA polymerase subunit omega+ECF RNA polymerase sigma factor SigH,M. tuberculosis ,110+1174+1317+218+368,X,2.8,Hetero 6-mer,D,F,Protein-Protein,3853.8,1850.45,2003.35,60.22,61.03,59.47,24.55,26.13,22.87,67.94,35.42,33.02
5ZX2,ABCDEF:GH,DNA-directed RNA polymerase subunit alpha+DNA-directed RNA polymerase subunit beta+DNA-directed RNA polymerase subunit beta'+DNA-directed RNA polymerase subunit omega+ECF RNA polymerase sigma factor SigH,M. tuberculosis ,110+1174+1317+218+368,X,2.8,Hetero 6-mer,D,E,Protein-Protein,4262.95,2089.33,2173.62,67.73,65.31,70.05,33.81,30.32,37.69,96.2,46.93,53.14
5ZX2,ABCDEF:GH,DNA-directed RNA polymerase subunit alpha+DNA-directed RNA polymerase subunit beta+DNA-directed RNA polymerase subunit beta'+DNA-directed RNA polymerase subunit omega+ECF RNA polymerase sigma factor SigH,M. tuberculosis ,110+1174+1317+218+368,X,2.8,Hetero 6-mer,B,D,Protein-Protein,2568.52,1269.38,1299.14,58.39,59.05,57.75,24.56,23.61,25.55,64.81,32.71,34.28
5ZX2,ABCDEF:GH,DNA-directed RNA polymerase subunit alpha+DNA-directed RNA polymerase subunit beta+DNA-directed RNA polymerase subunit beta'+DNA-directed RNA polymerase subunit omega+ECF RNA polymerase sigma factor SigH,M. tuberculosis ,110+1174+1317+218+368,X,2.8,Hetero 6-mer,B,C,Protein-Protein,411.09,207.98,203.11,48.65,49.94,47.33,12.5,8.0,17.39,35.92,18.16,17.3
